Recency,Frequency,Monetary
61,15,1012
35,20,1490
32,19,1432
11,22,1659
203,13,857
257,17,1185
2,15,1011
11,15,1158
10,24,1677
41,26,1524
42,16,1156
109,19,1331
73,18,1127
25,12,885
179,19,1165
39,24,1676
75,26,1921
106,12,853
3,19,1185
20,14,998
27,16,1074
23,19,1413
109,16,1166
335,20,1267
27,20,1339
55,20,1380
13,24,1863
111,18,1245
28,20,1434
53,25,1778
161,22,1847
212,16,1255
156,18,1222
142,27,1967
7,16,1117
4,15,1004
83,25,1733
15,25,1768
89,14,1075
26,16,1040
6,20,1457
34,18,1274
0,23,1436
126,19,1317
9,20,1445
19,21,1427
102,18,1159
36,22,1439
44,20,1380
4,22,1389
19,24,1815
38,18,1290
17,26,2037
94,20,1335
98,19,1507
119,16,1132
111,14,916
86,18,1175
3,18,1272
1,22,1555
258,18,1306
49,21,1429
23,23,1554
52,17,1106
29,18,1401
38,17,1310
31,22,1535
46,29,2091
54,23,1637
57,27,1893
102,24,1749
12,26,1967
0,28,1999
11,27,1801
52,19,1439
22,22,1559
4,16,1010
63,23,1564
40,18,1324
66,21,1522
38,18,1313
283,15,953
9,22,1505
20,20,1378
1,23,1559
161,17,1180
11,22,1571
124,20,1344
170,21,1667
52,19,1375
54,20,1331
48,21,1536
47,17,1023
3,17,1103
157,24,1514
39,18,1310
35,15,1000
2,27,1809
98,21,1546
57,18,1218
158,17,1200
127,18,1191
7,19,1289
133,35,2362
139,24,1798
77,20,1431
37,24,1687
4,21,1447
20,9,720
163,19,1372
45,21,1585
53,17,1299
115,8,578
47,17,999
54,18,1213
25,27,1783
46,19,1368
27,19,1194
5,20,1415
154,23,1750
95,20,1452
115,21,1374
4,21,1349
141,22,1507
42,22,1668
200,24,1823
20,26,1808
252,11,771
3,30,2126
28,27,1818
59,13,943
38,17,1087
141,21,1492
72,19,1321
295,20,1431
28,28,1773
9,17,1172
89,23,1846
12,24,1625
2,14,1035
107,18,1411
74,17,1399
3,21,1599
67,29,1998
213,19,1304
25,15,1050
25,22,1458
168,22,1679
146,26,1941
87,26,1943
84,16,1040
3,14,1096
3,12,959
51,14,1128
39,15,1076
110,26,1812
65,27,1946
68,19,1272
27,27,1990
35,25,1683
17,19,1279
27,25,1800
5,20,1381
0,18,1321
27,21,1505
88,17,1142
109,22,1572
47,21,1411
13,21,1262
12,23,1715
132,15,1014
19,22,1683
5,24,1836
25,24,1778
68,21,1511
190,20,1440
251,17,1125
3,19,1355
96,20,1625
0,15,1006
21,18,1307
74,21,1625
34,30,2129
3,22,1487
12,21,1505
64,12,765
44,21,1561
100,21,1552
7,18,1309
25,19,1250
30,19,1278
42,22,1634
79,15,874
105,16,1031
4,15,1153
73,18,1220
18,21,1487
64,12,761
120,15,1103
34,18,1129
18,16,1353
11,29,2072
519,13,891
74,15,1030
29,26,1726
18,16,1146
16,22,1693
88,18,1161
12,18,1382
0,21,1668
5,26,1964
125,23,1595
208,24,1611
203,18,1209
24,27,1940
14,23,1525
218,15,1043
122,17,1158
27,23,1750
10,15,1170
130,29,2010
46,8,625
79,25,1781
121,17,1157
108,24,1696
36,22,1668
19,18,1436
59,23,1680
126,20,1506
68,13,1038
1,16,1326
67,21,1489
24,25,1638
100,18,1193
167,15,1072
4,30,2000
58,22,1583
16,16,1086
32,27,1996
122,21,1505
40,20,1424
205,19,1408
407,16,1324
48,23,1507
80,24,1740
153,26,1775
11,19,1408
20,16,1145
42,18,1282
17,19,1470
6,23,1703
201,24,1632
66,27,1864
17,19,1225
27,22,1493
67,29,2146
4,15,960
46,25,1746
141,26,1864
159,22,1496
278,19,1412
85,30,1967
164,19,1357
127,17,1165
34,25,1512
143,18,1505
25,25,1671
136,15,1134
16,26,1857
389,22,1449
4,25,1845
115,25,1878
12,17,964
5,22,1478
71,14,998
127,18,1238
30,19,1275
19,18,1189
44,19,1210
4,25,1584
74,17,1227
99,19,1437
5,28,2046
14,22,1704
31,25,1852
166,30,2156
29,20,1354
23,26,1832
76,18,1193
14,30,2023
30,22,1660
43,22,1652
50,28,1900
19,26,1943
14,27,1842
13,28,1916
241,17,1214
86,24,1464
59,15,1160
56,17,1222
15,22,1599
59,19,1396
153,20,1437
74,27,1752
12,20,1513
50,15,1076
150,14,1053
0,27,1915
81,25,1923
59,27,1896
5,15,1211
55,20,1182
10,24,1753
71,23,1688
21,21,1538
7,15,985
85,25,1948
132,18,1261
13,21,1440
12,18,1257
3,19,1362
39,20,1468
11,27,1758
46,25,1700
59,14,977
28,12,880
36,20,1374
34,16,1160
101,22,1577
68,20,1351
8,20,1225
53,24,1876
35,23,1756
2,23,1526
13,15,991
5,14,1001
39,16,1239
2,20,1402
24,20,1251
20,22,1715
108,15,941
132,22,1640
20,17,1126
2,18,1301
204,20,1363
91,15,929
5,20,1422
124,24,1627
41,18,1185
27,23,1567
48,24,1616
128,27,1807
236,21,1613
2,22,1631
22,17,1190
218,18,1233
9,21,1412
9,19,1387
52,22,1649
4,20,1325
8,19,1241
3,25,1695
89,21,1487
55,18,1197
77,20,1430
13,18,1185
90,19,1300
57,20,1567
82,17,1251
448,13,876
36,12,732
74,24,1774
99,16,1221
22,25,1814
48,19,1377
28,10,599
13,23,1595
33,15,950
23,25,1788
87,17,1244
37,19,1358
5,21,1531
118,21,1502
18,17,1138
23,18,1222
7,20,1445
56,22,1519
45,26,1879
164,15,983
35,26,1965
5,22,1613
1,27,1927
44,13,825
52,25,1703
76,18,1307
19,21,1280
14,28,1933
146,20,1383
3,26,1792
50,18,1253
23,20,1239
106,22,1444
161,16,1046
14,22,1742
101,18,1308
85,18,1168
124,19,1151
11,15,962
3,18,1162
194,9,671
96,14,894
215,15,928
130,17,1075
27,17,1215
31,19,1324
13,19,1187
3,24,1660
9,25,1823
251,10,626
35,25,1793
283,17,1140
43,23,1606
68,20,1379
83,24,1904
35,12,753
5,20,1323
2,19,1304
25,20,1371
38,19,1199
141,30,2273
170,27,1808
1,12,948
53,19,1334
21,28,1935
199,18,1436
25,22,1600
17,23,1755
25,20,1393
50,22,1583
101,18,1300
30,22,1604
187,20,1444
141,17,993
62,23,1571
22,13,1031
41,30,1992
19,23,1500
6,20,1613
49,18,1352
1,15,1082
378,12,711
404,17,1108
18,16,1304
120,17,1147
190,21,1491
21,19,1465
33,20,1604
25,15,1074
102,25,1782
31,20,1503
34,15,1085
43,19,1539
7,18,1018
46,26,1611
93,16,1074
19,21,1525
88,16,1125
26,20,1433
190,33,2329
37,23,1501
18,27,2009
29,25,1919
14,21,1512
93,19,1167
73,20,1441
37,27,1900
9,25,1591
15,15,1151
154,16,964
154,18,1144
34,19,1215
24,20,1406
23,13,901
106,10,648
18,19,1342
66,23,1611
39,20,1289
57,15,1028
19,20,1331
79,27,1787
26,20,1401
125,19,1374
15,28,1950
16,27,1685
2,13,781
61,19,1384
49,14,973
137,20,1375
32,19,1326
258,23,1794
19,26,1759
127,21,1347
10,22,1568
3,20,1419
10,19,1434
104,27,1784
175,13,887
11,21,1323
300,16,1320
21,26,1894
0,20,1360
16,26,1777
39,25,1832
5,14,950
61,17,1172
77,16,1043
21,21,1456
3,22,1394
1,20,1393
41,18,1223
8,17,1187
18,26,1763
14,15,1044
96,23,1573
68,19,1347
22,22,1496
230,15,1035
12,23,1619
60,19,1232
8,17,1232
34,24,1672
22,27,2087
75,22,1542
243,19,1412
27,17,1185
16,21,1401
116,24,1776
48,16,1197
113,24,1832
104,13,927
1,26,1726
117,26,1986
90,19,1384
28,14,955
51,14,966
125,18,1105
29,20,1389
43,19,1311
20,24,1745
27,32,2051
22,17,1033
96,23,1487
13,25,1954
155,16,1033
50,18,1385
73,20,1313
49,17,1227
15,15,1105
81,16,1191
84,17,1246
131,15,1110
54,26,1784
54,17,1088
38,28,2124
66,28,2088
64,21,1439
75,18,1230
7,28,1976
48,18,1151
113,21,1467
126,15,1075
14,17,1245
68,18,1241
215,22,1569
67,24,1647
24,22,1656
131,17,1167
74,16,993
23,19,1354
73,20,1523
1,23,1592
15,12,908
65,22,1330
93,32,2174
129,19,1325
107,15,1082
5,19,1397
16,18,1261
247,17,1186
178,18,1190
26,17,1028
69,15,890
18,22,1484
78,21,1553
30,23,1681
41,22,1627
40,25,1790
159,23,1629
265,22,1577
85,23,1548
120,21,1411
9,19,1495
0,16,1248
47,20,1314
352,6,440
49,14,963
77,18,1284
35,17,1166
0,17,1104
20,24,1687
14,19,1320
35,17,1146
29,18,1223
59,27,1778
27,23,1529
11,25,1702
106,26,1896
13,24,1567
131,19,1260
14,17,1145
25,18,1353
130,20,1506
190,18,1235
13,14,952
83,24,1653
90,23,1737
35,20,1337
48,17,1199
39,25,1902
147,19,1264
70,19,1326
168,17,1405
13,14,1066
24,22,1615
274,26,1878
4,17,1099
2,22,1498
17,17,1174
12,22,1543
49,23,1504
17,22,1656
86,18,1180
78,17,1177
86,17,1164
235,18,1176
80,31,2238
65,20,1337
107,24,1654
62,21,1570
1,16,1144
92,14,1027
28,24,1689
35,15,1085
84,14,1079
120,19,1067
32,26,1674
95,25,1794
180,20,1356
6,25,1734
12,19,1337
53,18,1348
86,22,1442
4,25,1756
53,13,848
58,25,1782
79,14,1044
31,19,1368
14,16,1086
9,19,1265
189,29,2131
76,17,1174
98,17,1210
119,15,993
18,29,2103
35,31,2218
11,22,1443
154,24,1548
15,16,1192
180,18,1241
0,21,1607
72,17,1179
16,17,1035
0,24,1764
130,17,1331
44,20,1462
50,23,1393
99,27,1826
41,14,966
2,16,1053
112,15,994
10,27,1913
127,21,1562
39,19,1247
24,31,2076
45,15,1025
51,26,1732
90,14,851
28,21,1500
42,16,1165
16,18,1425
5,27,1783
115,25,1757
137,21,1462
39,14,959
35,22,1723
18,18,1315
19,22,1674
37,26,1867
44,25,1898
227,20,1418
28,13,921
40,16,1198
8,17,1271
13,23,1734
72,15,1072
12,24,1680
49,16,1154
18,19,1454
98,17,1175
14,26,1759
103,25,1796
67,18,1139
435,13,787
41,19,1389
263,26,1905
42,19,1469
10,21,1409
164,16,1123
40,19,1183
13,17,1110
3,21,1568
2,20,1432
18,22,1452
239,13,938
86,26,1812
50,22,1576
80,17,1279
9,11,716
7,24,1908
30,21,1444
102,14,1020
64,17,1212
109,22,1686
107,19,1256
16,17,1063
7,25,1717
67,21,1389
34,19,1198
7,16,1062
8,20,1376
77,24,1634
35,23,1635
19,27,1992
96,31,2245
113,25,1890
66,20,1271
66,16,1048
39,14,868
43,24,1472
141,20,1449
21,20,1416
55,16,1128
14,16,1054
24,19,1481
26,21,1491
92,25,1681
124,23,1775
52,18,1160
129,18,1278
158,13,902
56,9,673
50,15,1117
36,13,802
2,24,1781
106,18,1157
63,19,1506
39,23,1739
17,11,717
13,23,1591
309,14,927
45,18,1334
82,19,1262
13,21,1456
130,19,1357
171,12,874
73,21,1491
78,19,1470
24,11,729
117,24,1737
166,22,1620
31,15,1109
6,25,1826
122,18,1275
14,24,1551
32,28,2012
61,20,1423
105,27,1833
13,17,1255
74,16,1142
11,24,1667
2,23,1510
31,16,959
25,18,1254
182,6,497
8,23,1700
113,17,1028
150,13,871
363,20,1256
49,28,1939
51,26,2011
51,20,1418
77,30,2130
30,25,1774
4,28,2000
117,22,1511
111,19,1220
7,14,798
44,16,1095
96,22,1559
128,19,1236
143,21,1538
45,23,1568
44,18,1262
44,21,1517
82,15,1080
107,18,1231
23,22,1636
177,19,1297
252,25,1800
14,15,1044
89,18,1308
6,20,1459
17,20,1399
50,21,1527
10,22,1581
88,20,1400
54,17,1230
54,26,1989
1,23,1853
114,20,1331
96,18,1397
9,20,1534
5,21,1549
32,20,1361
201,16,1131
68,23,1698
107,16,987
121,22,1537
10,19,1424
25,15,1102
246,14,1062
7,19,1352
15,24,1499
132,17,1182
21,16,1159
39,18,1279
12,22,1429
40,29,1851
4,15,1133
39,16,1130
26,22,1630
128,10,664
178,21,1447
85,27,1974
1,14,1036
18,18,1299
75,31,2220
124,17,1145
17,22,1583
7,17,1298
24,32,2354
236,15,1070
307,15,1043
55,20,1411
29,17,1148
34,24,1720
6,23,1569
9,19,1286
53,18,1276
1,22,1677
31,18,1408
175,19,1164
127,16,1115
167,23,1490
58,28,2038
135,17,1153
21,25,1779
7,14,1002
68,21,1395
125,21,1280
52,19,1419
71,24,1687
43,20,1444
29,24,1662
69,15,1114
53,18,1331
11,21,1442
5,12,943
109,17,1076
515,14,1078
109,11,862
55,18,1177
13,11,871
91,21,1542
95,21,1595
169,20,1286
33,19,1404
13,19,1390
130,18,1331
254,16,1211
29,26,1981
54,17,1212
172,17,1176
81,17,1252
2,28,1907
3,25,1648
82,14,891
137,17,1046
24,25,1674
37,24,1737
143,19,1289
197,9,571
200,21,1447
18,19,1344
43,26,1827
240,24,1663
49,21,1523
38,18,1302
1,22,1347
216,20,1301
54,23,1643
69,21,1420
43,20,1219
66,20,1460
7,13,987
29,23,1611
20,22,1677
124,22,1447
12,17,1188
97,20,1585
17,22,1626
12,20,1494
45,15,1074
41,29,1983
53,23,1577
21,17,1238
11,26,1776
113,25,1806
115,18,1089
3,22,1615
139,13,795
119,16,1091
131,16,1111
9,17,1069
144,15,975
172,20,1341
52,15,1073
104,21,1397
27,19,1354
23,16,1147
7,24,1712
35,21,1511
1,17,1241
64,17,1135
69,15,1019
8,12,683
72,20,1498
104,23,1576
67,18,1250
17,25,1749
112,15,977
22,26,1632
20,18,1257
173,25,1668
10,28,2071
21,15,1063
399,9,612
35,22,1598
158,13,939
100,24,1783
47,19,1387
47,20,1298
60,21,1406
13,27,1931
15,16,1136
8,15,1031
70,24,1760
88,14,1034
126,18,1227
62,19,1194
247,19,1356
35,17,1269
39,25,1726
295,15,963
26,17,1271
0,14,1047
42,16,1106
35,26,1836
123,17,1098
18,21,1518
2,19,1344
6,27,1892
37,16,1050
39,24,1807
32,27,1744
25,30,2020
225,16,1079
66,24,1775
156,15,948
31,18,1205
21,23,1648
102,21,1547
320,15,1027
128,19,1368
31,15,1093
11,29,2072
39,27,1766
16,21,1395
49,26,1853
185,12,885
99,14,973
74,14,902
68,19,1238
16,27,2036
59,13,861
3,25,1686
49,23,1710
42,21,1608
73,27,1978
0,17,1080
32,23,1733
30,15,1187
221,10,597
10,20,1379
76,22,1433
20,14,853
74,22,1495
16,23,1586
200,18,1089
25,16,1153
47,13,928
12,21,1550
189,18,1279
72,16,1087
6,15,941
8,18,1449
188,18,1305
26,19,1223
66,11,614
27,18,1182
60,18,1263
193,14,924
265,17,1184
126,14,914
173,19,1351
56,24,1739
46,19,1370
48,8,626
68,19,1425
81,16,1071
29,20,1490
207,18,1143
42,23,1735
100,23,1611
78,21,1425
0,19,1321
5,26,1854
81,30,1991
23,23,1685
85,15,1159
72,26,1883
59,13,855
14,20,1259
158,15,988
4,20,1437
55,24,1856
1,19,1128
63,21,1514
119,23,1621
33,22,1466
152,14,1086
21,16,1138
35,24,1803
13,24,1758
64,14,1156
117,21,1496
81,24,1685
72,28,1720
35,19,1330
11,18,1248
44,26,1743
3,16,1016
32,18,1292
59,28,1843
16,18,1291
22,26,1818
42,28,1782
138,15,949
96,20,1415
160,11,834
115,17,1152
1,24,1540
68,21,1440
29,25,1865
200,22,1486
20,17,1290
21,17,1157
30,17,1038
31,27,1970
54,18,1183
56,14,949
3,27,1868
85,14,1073
87,20,1411
7,17,1270
27,21,1288
10,19,1315
21,23,1810
57,24,1600
56,18,1389
196,22,1243
15,23,1847
85,10,808
31,17,1228
36,25,1547
26,26,1882
0,15,1156
258,19,1197
114,13,973
2,21,1540
103,17,1236
21,14,969
38,21,1587
21,20,1406
7,23,1710
7,17,1138
60,16,1092
53,23,1635
9,18,1318
13,25,1745
34,31,2120
56,17,1262
101,21,1331
9,17,1222
35,19,1337
79,23,1757
165,18,1244
28,17,1245
41,18,1126
248,18,1183
114,18,1334
39,27,2019
42,21,1627
64,15,910
21,16,1043
64,17,1267
68,19,1470
6,26,1623
134,15,1121
7,23,1619
41,17,1144
70,25,1935
22,18,1124
30,15,1063
159,14,1071
253,24,1682
209,14,826
38,22,1546
81,24,1569
392,19,1498
66,21,1452
15,22,1552
105,29,2179
7,29,2022
383,15,1088
41,17,1170
35,19,1254
159,20,1311
3,26,1823
3,20,1424
131,23,1582
45,22,1513
12,22,1615
136,21,1450
31,25,1876
73,19,1447
39,21,1568
71,29,1982
83,23,1648
106,14,968
82,23,1585
55,24,1673
10,16,1214
20,24,1717
54,21,1454
448,16,1207
76,22,1542
46,22,1472
28,28,2035
72,18,1321
109,26,1769
10,22,1507
54,16,982
179,16,1022
3,33,2330
12,21,1403
114,17,1305
107,18,1253
51,19,1379
203,20,1560
34,18,1360
32,22,1661
29,13,898
64,18,1222
23,11,681
20,26,1841
24,27,1868
104,21,1531
150,19,1458
9,26,1831
287,16,909
14,24,1822
76,17,1202
233,18,1112
22,22,1678
5,21,1454
0,27,2073
68,13,862
51,21,1487
26,24,1668
61,17,1165
100,18,1330
58,23,1660
8,29,2051
40,28,1817
4,18,1267
142,25,1598
25,20,1421
18,23,1584
64,23,1679
161,20,1539
112,16,1114
12,23,1682
129,20,1458
197,20,1335
1,24,1753
238,15,1105
32,24,1770
38,13,881
90,30,2193
65,21,1505
18,24,1550
22,25,1866
77,15,994
16,18,1156
81,19,1208
7,27,1859
47,24,1736
10,21,1420
52,22,1455
20,22,1569
154,26,1728
141,20,1340
32,21,1627
207,10,656
63,24,1763
34,25,1680
47,16,1225
105,9,717
47,19,1292
123,17,1247
32,20,1227
44,21,1323
66,18,1299
107,21,1552
158,24,1758
31,21,1445
49,20,1613
204,10,736
28,25,1768
151,18,1288
16,20,1283
55,18,1378
160,22,1498
43,11,796
69,23,1513
72,18,1338
48,25,1777
48,16,1082
22,15,1010
83,13,1063
85,24,1640
92,23,1641
68,12,834
150,15,1052
28,25,1732
10,11,687
210,15,989
133,13,847
154,21,1527
28,16,1084
44,15,1074
66,19,1492
41,25,1821
5,20,1353
61,18,1235
43,15,951
62,22,1676
110,22,1470
106,28,2054
64,20,1435
5,20,1333
30,20,1536
10,23,1647
6,18,1288
1,15,1122
209,20,1446
136,25,1816
43,27,1756
128,14,981
31,19,1493
69,30,1928
39,26,1746
181,16,1056
20,22,1607
57,21,1611
31,22,1423
31,23,1618
151,11,809
26,23,1513
32,28,1869
10,19,1246
13,15,938
3,19,1135
215,10,701
215,17,1329
25,21,1373
44,16,1166
9,16,1238
20,16,1169
100,20,1291
114,19,1374
41,23,1643
31,24,1520
13,17,1219
119,24,1572
49,16,1038
103,27,1968
149,23,1527
71,22,1355
109,20,1431
13,17,1131
58,18,1243
22,20,1456
21,16,1030
40,13,814
17,25,1892
30,20,1322
77,15,1216
131,18,1218
52,19,1231
16,19,1429
116,17,1070
8,16,989
53,22,1676
6,15,969
142,17,1164
38,10,747
99,19,1296
110,15,906
107,31,2098
106,15,1136
107,17,1142
31,21,1517
77,20,1418
0,25,1727
87,19,1318
186,19,1228
45,22,1561
45,19,1282
94,17,1211
1,28,1817
1,21,1678
33,17,1067
31,23,1573
295,17,1069
29,14,896
14,21,1515
168,17,1103
27,23,1600
98,24,1871
168,15,1001
53,11,927
118,16,1106
55,20,1505
212,23,1721
43,29,2049
356,13,981
75,20,1300
45,18,1291
53,25,1877
123,22,1619
10,21,1405
28,22,1517
29,17,1258
69,15,918
6,21,1293
8,25,1934
16,22,1524
44,21,1401
161,19,1373
93,17,1150
8,16,1164
59,20,1435
31,14,1014
28,23,1654
146,17,1132
35,19,1564
2,19,1122
122,26,1770
47,14,1106
10,24,1609
112,19,1391
71,18,1355
24,25,1886
30,17,1095
17,22,1477
75,18,1259
196,20,1352
156,28,1968
65,17,1283
54,22,1596
71,22,1490
57,24,1828
36,24,1588
24,19,1342
163,24,1661
71,17,1213
10,12,742
23,22,1670
19,27,1827
156,17,1200
55,12,851
0,18,1146
13,19,1464
5,16,1193
120,19,1305
388,10,774
125,16,1012
48,19,1237
11,13,999
1,17,1055
56,16,1114
54,22,1461
118,17,1243
1,17,1156
5,28,1901
10,24,1773
133,10,754
40,21,1590
65,15,1101
196,18,1218
33,15,990
64,24,1859
392,12,916
8,18,1303
36,25,1701
8,30,2006
29,20,1187
54,14,1075
26,29,1861
51,15,987
62,25,1814
0,21,1484
36,16,1061
22,12,747
95,23,1561
52,20,1442
23,22,1437
50,22,1609
39,20,1519
16,14,1199
2,20,1420
17,23,1516
84,12,923
65,21,1474
80,18,1244
30,28,1974
21,25,1768
19,25,1840
121,20,1484
36,17,1206
48,22,1426
87,18,1182
21,17,1211
9,13,783
62,16,993
49,15,1156
59,22,1649
48,21,1623
79,21,1510
26,22,1537
37,18,1180
24,30,2090
0,9,569
157,17,1157
200,18,1305
66,21,1387
142,35,2360
69,23,1540
32,21,1664
15,23,1629
37,27,1919
121,25,1762
172,12,926
19,21,1524
32,29,2135
102,12,828
114,17,1234
1,13,972
131,18,1164
110,19,1371
141,19,1423
54,23,1438
6,16,1164
58,26,1902
5,25,1690
43,26,1797
47,18,1296
82,19,1227
232,17,1180
166,22,1644
25,20,1507
22,14,858
25,17,1019
3,23,1830
25,25,1610
106,21,1460
243,15,1149
69,22,1712
108,20,1440
92,22,1454
56,16,952
31,27,1896
45,24,1729
40,29,2286
27,24,1816
17,20,1429
36,15,844
120,26,1874
17,26,1735
7,24,1788
62,23,1512
23,19,1273
123,18,1321
29,14,993
78,19,1427
57,30,1953
6,20,1398
39,20,1554
6,20,1530
1,15,1112
117,12,854
85,17,1411
89,24,1693
151,14,1025
111,13,978
81,29,1986
67,16,986
40,21,1305
14,29,2045
45,25,1665
85,15,1184
8,20,1474
32,22,1399
9,28,1731
42,22,1452
27,13,992
28,21,1560
292,16,1121
29,28,1913
46,21,1655
183,19,1269
100,23,1538
105,18,1292
3,16,1060
6,12,671
74,19,1280
37,26,1874
31,18,1101
61,29,2090
11,25,1615
41,20,1462
96,17,1268
114,20,1434
2,21,1498
15,23,1546
9,13,936
7,22,1635
187,18,1302
6,20,1366
25,20,1329
37,13,871
1,20,1369
54,16,1335
178,12,827
133,11,751
199,25,1667
116,21,1294
24,23,1722
49,21,1431
41,21,1446
258,14,1166
166,21,1395
22,20,1421
38,25,1698
87,20,1488
76,21,1401
349,16,1186
16,22,1736
33,18,1362
41,24,1725
73,19,1242
3,26,1813
14,25,1733
28,20,1317
113,25,1799
104,27,1962
197,14,1048
8,23,1528
100,24,1565
125,20,1295
38,18,1174
27,24,1525
4,15,1023
69,18,1284
108,23,1537
27,18,1225
22,17,1067
41,22,1571
113,18,1100
22,18,1256
69,22,1638
19,30,1983
127,23,1450
54,22,1526
15,15,957
68,18,1315
38,15,1091
34,17,1214
216,12,755
0,11,839
56,13,990
12,24,1639
10,27,1706
1,18,1323
46,18,1306
13,30,2202
2,25,1707
70,25,1671
271,17,1208
11,22,1474
64,11,763
17,22,1600
32,28,2099
233,20,1457
86,16,1157
67,14,934
30,18,1303
25,16,1098
76,21,1585
32,29,2060
86,24,1750
37,23,1702
24,29,2034
10,23,1641
54,19,1218
50,26,2003
121,19,1496
14,19,1381
7,21,1557
50,22,1668
4,23,1789
18,22,1609
2,18,1279
206,20,1352
77,21,1535
7,17,1102
71,16,1063
42,18,1148
29,20,1347
127,15,1034
26,22,1530
33,18,1104
147,11,762
61,19,1316
168,24,1509
13,24,1594
89,15,1082
143,17,1110
20,16,1134
75,23,1593
23,18,1385
36,16,1166
10,21,1401
67,21,1406
10,29,2018
23,20,1338
150,23,1596
18,27,1864
46,15,1131
18,25,1731
3,20,1292
20,14,873
142,18,1142
73,21,1455
48,20,1350
51,24,1794
98,28,2070
46,17,1250
24,24,1585
3,18,1299
27,24,1747
165,24,1800
34,18,1297
20,26,1813
250,18,1446
90,19,1295
42,29,2074
218,12,792
19,24,1733
168,18,1374
189,11,740
73,27,1829
7,19,1283
96,21,1493
66,19,1331
66,21,1301
26,17,1131
181,19,1392
153,16,1151
41,25,1779
17,23,1564
91,19,1346
59,21,1448
136,15,1095
49,23,1555
17,13,792
172,21,1356
10,14,1082
23,24,1734
133,25,1716
56,23,1442
37,25,1868
17,22,1488
21,21,1464
48,20,1507
27,21,1452
47,24,1670
145,29,2124
1,22,1674
16,29,2045
70,14,930
20,15,1007
15,21,1369
1,24,1677
71,23,1610
86,15,1028
79,20,1482
178,26,1801
234,11,781
182,21,1658
0,21,1399
30,28,1781
104,16,897
34,25,1527
191,24,1792
36,22,1536
68,19,1308
56,24,1823
174,17,1181
5,24,1724
17,19,1377
18,21,1304
48,24,1845
27,16,1188
34,21,1336
14,24,1673
10,26,1954
190,19,1259
109,28,1961
153,17,1289
6,25,1869
86,17,1185
57,27,1935
32,29,2039
65,16,1061
32,19,1412
11,23,1345
34,21,1511
85,20,1361
214,21,1490
87,26,1792
85,24,1749
63,21,1514
1,20,1474
9,24,1741
20,18,1313
7,21,1419
53,16,1044
5,15,977
195,13,966
5,21,1459
2,14,997
25,14,986
13,25,1581
140,17,1243
0,22,1449
48,26,1955
5,21,1550
111,18,1228
160,13,900
17,17,1227
10,21,1388
62,13,813
14,20,1394
93,30,2039
24,17,1227
87,21,1334
312,13,1077
70,17,1246
10,19,1306
224,17,1239
8,26,1911
11,31,2238
129,19,1348
195,17,1199
101,24,1581
47,16,1072
197,32,2382
43,25,1691
53,17,1093
48,17,1404
29,17,1191
6,29,2050
63,19,1251
106,13,778
14,16,1124
35,16,1178
53,30,2183
0,23,1639
81,16,1109
96,21,1363
162,13,793
193,18,1143
0,21,1425
52,24,1649
9,18,1314
9,21,1496
188,16,1029
201,19,1301
186,19,1317
81,19,1368
54,22,1387
203,14,897
10,21,1490
119,20,1470
2,20,1398
167,21,1562
108,18,1369
82,22,1543
11,23,1524
51,29,1955
226,16,1133
80,25,1720
88,20,1508
18,22,1543
9,26,1702
94,27,1765
7,22,1568
169,16,1031
73,16,1190
42,22,1470
39,14,794
97,25,1719
109,21,1503
34,21,1456
149,19,1262
8,20,1379
234,15,1193
43,22,1394
26,17,1213
1,24,1939
64,23,1740
13,24,1732
283,16,1127
31,24,1788
7,14,895
0,26,1862
92,28,1890
41,24,1688
7,35,2259
80,23,1641
12,24,1601
325,9,634
256,19,1424
288,19,1190
43,23,1593
10,23,1486
73,13,871
58,21,1469
71,19,1242
130,24,1738
78,13,960
34,21,1409
35,19,1345
14,31,2214
72,24,1705
44,23,1579
25,20,1407
11,17,1305
127,14,981
84,22,1555
125,20,1365
28,23,1587
51,21,1324
28,17,1283
24,17,1296
20,17,1266
5,22,1397
34,14,936
104,17,1154
4,22,1576
59,18,1351
62,22,1631
68,25,1729
46,11,693
14,21,1333
100,20,1206
113,19,1375
40,26,1811
61,15,1311
21,14,1028
61,21,1542
126,17,1169
101,13,924
12,25,1810
89,18,1349
108,24,1763
62,23,1749
57,21,1546
105,14,919
381,22,1425
129,16,967
82,19,1273
17,22,1450
54,18,1181
47,22,1487
50,21,1433
22,23,1642
59,18,1154
31,27,1940
67,22,1794
3,19,1261
23,21,1605
70,29,1977
6,17,1021
133,24,1535
13,24,1596
91,21,1472
79,21,1400
73,17,1069
301,12,904
115,23,1618
40,23,1561
79,16,1007
194,16,1106
113,14,1050
80,18,1198
159,14,881
84,21,1594
28,21,1383
271,15,1121
132,24,1634
51,18,1325
167,19,1296
204,21,1359
109,17,1112
13,18,1437
7,30,2106
115,14,1031
3,16,1006
156,17,1174
23,21,1432
148,18,1270
29,17,1233
267,16,1032
7,20,1402
121,19,1279
210,21,1644
120,20,1225
118,12,937
171,18,1173
20,15,1074
22,25,1918
134,23,1562
14,22,1436
68,22,1642
47,12,808
6,23,1694
31,23,1519
13,23,1543
119,19,1335
69,14,1116
156,20,1304
0,26,1665
87,23,1472
6,27,1894
21,24,1674
6,28,2060
4,22,1719
208,14,892
141,19,1203
136,16,1097
67,24,1629
6,17,1201
140,16,999
13,23,1673
206,12,852
46,25,1772
29,19,1463
43,23,1432
31,25,1808
28,21,1339
6,18,1316
158,17,1211
273,20,1474
47,12,783
18,16,1149
73,18,1275
91,15,924
158,18,1331
98,22,1478
61,25,1858
129,24,1624
56,22,1686
111,17,1229
40,20,1462
117,16,1019
63,18,1253
16,17,998
63,31,2413
109,29,1916
115,30,2202
14,25,1697
82,18,1345
30,14,962
45,14,1061
137,18,1178
113,16,1205
78,22,1465
10,17,1085
50,23,1581
55,13,954
10,16,895
45,18,1246
43,21,1543
62,24,1572
119,25,1911
210,22,1593
24,25,1630
73,21,1370
24,20,1578
153,13,939
91,21,1581
45,21,1487
89,18,1188
43,24,1652
57,23,1684
54,23,1478
79,12,891
1,19,1288
16,22,1459
15,27,1743
87,22,1540
140,16,1176
25,24,1742
45,24,1542
145,14,1015
90,26,2014
61,21,1565
93,18,1319
55,19,1154
0,23,1522
2,18,1256
35,20,1322
212,15,1123
53,23,1707
44,24,1772
36,11,741
119,21,1689
148,24,1446
77,21,1464
61,16,1128
60,22,1597
5,19,1506
6,22,1717
63,23,1654
1,20,1429
148,28,2159
14,25,1828
158,24,1699
44,26,1751
156,16,1204
239,17,1183
106,21,1545
101,28,2047
43,27,1754
119,19,1222
86,19,1314
75,21,1562
21,16,1177
4,26,1707
57,13,790
3,15,995
20,22,1545
0,21,1529
165,13,769
108,16,1016
108,17,1257
54,24,1843
83,18,1358
213,15,1095
134,20,1321
19,15,1012
150,21,1597
55,14,823
67,28,1868
62,18,1217
7,18,1162
30,15,1039
78,19,1241
54,21,1443
75,19,1197
162,20,1384
56,16,1135
101,20,1348
48,23,1674
38,21,1654
320,16,1047
18,22,1555
60,20,1415
35,17,1271
131,20,1292
244,16,973
73,20,1393
147,22,1685
135,13,882
3,33,2349
40,26,1747
55,19,1393
4,18,1190
47,26,1824
4,18,1126
20,24,1626
59,20,1431
13,27,1866
1,21,1331
71,18,1253
103,15,961
27,17,1239
69,20,1338
33,17,1139
206,21,1619
77,18,1150
23,19,1297
211,21,1496
69,26,1963
57,23,1639
27,26,1994
35,21,1592
139,14,1000
0,18,1225
68,23,1655
38,24,1560
126,15,979
0,23,1574
98,23,1509
8,16,966
79,25,1668
31,24,1702
77,13,834
174,24,1634
26,23,1549
19,14,1018
61,13,1037
44,14,975
62,16,1159
96,22,1595
40,26,1850
190,13,937
67,23,1561
24,15,1048
15,26,1805
0,16,1176
7,8,565
201,19,1437
47,14,833
37,14,928
3,22,1487
48,23,1814
78,17,1145
20,27,1905
128,19,1194
70,23,1588
208,26,1843
59,18,1260
163,18,1164
48,23,1490
264,16,1124
56,18,1441
52,18,1300
33,20,1339
2,22,1651
11,17,1167
169,25,1579
41,16,1092
14,26,1966
23,21,1399
44,15,970
23,18,1348
105,24,1600
174,11,769
69,19,1399
240,18,1430
85,19,1297
21,28,2024
85,20,1483
5,18,1300
79,20,1370
49,16,1190
7,26,1823
41,16,963
21,30,2118
65,31,2221
128,22,1482
331,23,1613
10,25,1712
154,22,1410
150,17,1225
123,30,2303
95,23,1570
73,15,1082
154,23,1747
36,24,1869
44,16,1274
25,26,1658
45,25,1731
4,9,616
61,25,1820
11,23,1642
0,25,1597
65,18,1195
69,18,1159
21,18,1149
60,23,1892
96,10,749
102,14,1078
112,15,1114
160,14,982
12,24,1666
15,26,1764
9,21,1526
56,13,778
173,20,1430
24,13,1064
29,22,1337
129,16,1132
68,17,1208
115,19,1459
103,16,1169
18,14,976
78,17,1365
29,11,637
27,17,1102
68,20,1406
30,21,1581
239,17,1206
17,24,1615
7,20,1460
94,18,1246
6,22,1536
13,21,1545
71,12,837
65,23,1506
61,15,1025
6,21,1515
31,27,2106
6,26,1942
14,21,1556
129,18,1349
6,13,936
56,28,2105
9,22,1682
21,20,1441
6,29,1954
37,17,1200
40,22,1635
5,28,1768
18,24,1617
278,14,930
26,17,1165
26,17,1219
22,20,1366
46,28,1896
14,16,1174
142,22,1553
147,22,1599
63,15,1006
117,22,1661
69,16,1092
19,20,1354
180,21,1429
41,16,1041
113,17,1256
38,17,1329
200,17,1175
42,21,1320
12,29,1905
81,26,1721
9,26,1850
149,16,1113
62,20,1453
239,13,839
17,12,837
90,24,1810
41,21,1640
61,16,1048
167,23,1690
13,23,1736
13,24,1714
28,25,1726
35,21,1434
291,21,1292
67,23,1679
35,14,1048
3,18,1181
60,21,1361
53,19,1440
38,15,997
95,24,1843
68,21,1500
28,20,1321
33,20,1286
11,21,1429
125,12,813
65,24,1830
82,22,1516
62,30,2035
126,21,1538
73,17,1115
66,20,1406
84,17,1113
64,25,1811
77,18,1322
69,31,1978
8,21,1391
15,14,1015
6,27,1890
11,24,1601
81,17,1208
116,29,1977
153,13,867
178,25,1633
155,16,1147
345,9,703
43,22,1490
30,19,1357
7,18,1155
19,18,1165
8,26,1826
171,20,1397
76,15,1074
151,19,1326
35,16,1254
96,11,900
11,22,1480
66,21,1330
32,21,1495
10,27,2083
111,17,1057
34,17,1143
9,30,2207
67,23,1627
195,14,906
20,15,1054
45,20,1453
51,28,2151
64,23,1603
8,20,1390
8,16,1215
135,15,1154
61,20,1532
44,25,1679
18,14,941
1,24,1654
9,25,1560
41,22,1668
41,24,1678
106,21,1506
97,11,742
8,17,1089
41,22,1475
57,17,1269
10,24,1583
43,17,1031
134,21,1407
112,21,1465
111,30,2186
34,22,1611
258,14,1007
55,19,1406
52,15,1095
87,19,1281
96,21,1689
328,15,1029
38,12,934
8,19,1406
12,23,1646
34,26,1932
110,21,1595
43,24,1676
64,20,1444
33,20,1368
81,16,1130
24,21,1531
37,19,1398
12,19,1441
74,20,1403
1,18,1205
2,21,1467
5,14,1098
38,17,1305
116,18,1194
120,13,853
6,24,1872
12,20,1449
20,23,1536
2,20,1473
40,28,1967
90,16,1274
15,21,1486
51,20,1330
25,13,876
14,21,1505
151,15,1044
45,26,1863
31,23,1668
1,23,1550
52,19,1276
224,19,1323
249,13,952
17,22,1482
16,16,1069
68,20,1414
19,20,1388
117,16,1063
77,24,1566
424,19,1413
60,20,1350
171,20,1459
35,17,1084
22,20,1564
36,15,1096
52,23,1675
100,21,1466
31,25,1815
71,20,1388
71,16,1067
70,28,1757
11,27,1804
9,23,1649
65,26,1999
6,19,1293
13,22,1601
62,23,1618
94,20,1398
64,20,1375
101,17,1138
101,11,768
17,20,1566
51,16,1050
10,19,1175
62,16,998
26,16,1150
15,20,1432
117,17,1159
37,18,1202
23,28,1910
31,22,1729
61,26,1650
92,18,1397
56,20,1328
54,31,2263
56,15,1023
23,22,1606
139,23,1539
4,25,1740
19,22,1518
79,28,1885
13,24,1760
59,22,1539
155,23,1613
66,16,1087
74,23,1521
106,19,1259
45,21,1296
1,20,1364
21,25,1821
32,22,1481
3,27,1947
93,17,1263
94,15,1008
41,22,1559
11,14,932
36,25,1752
50,13,868
7,20,1396
37,17,1117
36,21,1454
221,14,977
65,18,1153
33,18,1188
37,27,1887
69,22,1494
13,19,1223
3,17,1054
18,21,1450
128,20,1353
178,18,1285
37,19,1362
27,22,1456
39,19,1627
46,22,1428
277,17,1237
52,22,1560
46,27,1732
29,21,1529
38,16,1148
7,24,1614
40,23,1721
43,17,1177
10,20,1462
78,14,1040
148,19,1333
27,19,1286
134,17,1276
7,15,1109
20,20,1344
108,21,1341
52,20,1546
2,24,1954
204,17,1181
37,17,1157
41,20,1273
13,12,784
44,18,1306
242,20,1326
89,13,1036
4,21,1329
192,19,1344
19,21,1535
500,15,1008
11,24,1601
139,19,1345
29,15,1108
15,27,2014
73,21,1515
19,19,1362
230,15,1027
56,25,1804
278,16,1182
84,19,1377
2,24,1587
205,21,1387
11,21,1521
11,14,854
26,24,1692
33,11,884
154,16,1296
65,30,2175
109,19,1340
220,17,1188
62,23,1684
11,29,1929
10,18,1226
15,20,1520
56,15,1040
2,22,1446
240,24,1852
20,20,1497
52,25,1752
34,22,1612
19,19,1382
31,14,919
126,11,614
70,21,1485
6,18,1430
52,17,1162
9,29,1965
46,13,901
39,19,1372
202,18,1235
20,14,921
21,27,1927
107,25,1839
19,15,1006
87,22,1618
15,17,1270
75,16,1043
170,18,1283
1,22,1593
100,20,1355
227,25,1776
99,20,1314
8,15,1111
35,19,1165
24,25,1657
5,17,1071
10,19,1305
9,21,1413
19,19,1424
4,22,1654
72,17,1178
73,19,1475
10,20,1449
113,13,829
12,23,1658
28,17,1262
37,21,1515
32,26,1922
103,20,1412
95,25,1886
74,22,1442
30,19,1271
167,22,1559
234,22,1493
117,23,1646
169,22,1348
32,24,1732
20,22,1508
1,15,1101
86,16,926
75,17,1080
178,7,561
72,21,1336
23,21,1597
17,22,1403
34,28,1914
12,24,1777
81,18,1137
17,21,1431
337,18,1199
17,26,1773
69,23,1698
9,22,1591
24,31,2055
10,20,1494
41,13,794
1,12,885
219,14,1088
24,19,1505
74,18,1268
48,21,1616
46,18,1254
4,22,1558
72,22,1292
0,20,1509
0,19,1410
0,25,1761
124,13,1017
26,27,1694
58,25,1704
28,26,1885
34,19,1312
4,19,1273
99,19,1458
151,36,2513
10,16,1022
60,20,1422
26,25,1794
355,14,951
239,21,1591
95,35,2453
160,14,1030
71,20,1522
31,26,2058
36,21,1418
212,14,1027
99,18,1386
24,26,1789
88,24,1641
44,17,1228
193,14,1018
37,19,1376
16,29,2094
117,18,1299
171,27,1920
77,20,1314
34,30,2240
5,29,2101
4,24,1699
74,22,1420
153,17,1193
37,24,1583
234,21,1487
90,28,2055
38,19,1273
66,21,1526
20,20,1317
41,21,1450
167,19,1339
11,23,1642
158,9,659
33,22,1541
233,11,799
155,18,1311
17,29,2028
100,25,1558
190,20,1193
181,29,2124
116,18,1373
94,22,1544
26,17,1246
9,18,1063
422,20,1266
225,23,1607
212,20,1372
0,19,1462
44,28,2072
18,20,1190
105,19,1382
30,18,1477
25,16,1096
185,14,925
77,19,1227
173,15,1105
110,19,1322
9,21,1653
27,16,1101
45,22,1571
31,23,1663
138,25,1880
132,17,1248
1,17,1200
208,15,969
16,24,1650
214,22,1647
19,14,1108
2,21,1402
15,17,1199
18,17,1112
11,21,1473
108,22,1460
48,29,1993
3,22,1383
17,14,1060
33,24,1920
169,22,1618
2,20,1439
76,19,1415
79,21,1546
10,24,1859
14,28,2129
93,19,1378
51,18,1366
26,20,1339
172,21,1374
23,20,1514
11,21,1402
147,13,863
25,18,1289
82,23,1765
95,25,1562
26,18,1320
64,30,2141
116,22,1498
49,17,1260
1,30,2077
44,17,1145
29,16,1126
139,21,1548
26,24,1704
245,13,854
93,18,1321
11,24,1810
46,20,1553
94,28,1832
14,20,1331
10,31,2229
214,20,1263
117,17,1159
50,21,1465
239,18,1208
94,15,1154
16,22,1637
11,27,2046
24,21,1478
46,17,1289
113,17,1272
51,11,775
217,21,1479
55,28,2075
8,19,1276
1,20,1454
121,26,1854
134,24,1616
2,22,1559
195,17,1234
228,10,648
41,20,1466
135,24,1694
126,22,1532
41,23,1549
98,21,1470
157,16,1149
277,15,963
23,20,1344
10,16,1021
119,23,1575
6,21,1428
24,22,1522
51,18,1348
56,18,1316
41,24,1348
32,23,1708
10,28,2158
14,14,958
29,19,1249
83,17,1239
27,18,1190
122,23,1675
17,23,1738
12,17,1230
9,22,1665
32,19,1288
1,23,1534
4,19,1344
17,19,1416
55,20,1439
2,16,1224
18,23,1629
8,25,1871
116,14,952
18,21,1523
114,16,1215
37,23,1662
67,22,1448
7,20,1427
180,20,1309
20,27,1956
69,15,968
109,17,1240
40,32,2327
374,15,1099
98,15,1051
107,17,1066
108,26,1924
37,14,995
14,21,1595
10,16,1102
13,26,2022
14,19,1229
47,20,1317
101,18,1252
33,19,1367
89,20,1350
48,17,1046
103,23,1759
8,23,1593
4,14,920
4,20,1385
3,19,1274
30,15,1044
46,25,1745
10,19,1323
14,18,1353
67,23,1703
108,20,1369
39,30,2086
65,21,1408
46,21,1360
14,23,1683
21,20,1313
77,19,1206
39,21,1464
96,17,1246
38,12,761
4,11,714
30,24,1671
64,24,1510
19,19,1474
146,29,2133
78,18,1372
21,24,1673
23,17,1357
56,20,1463
18,19,1251
243,16,1154
104,12,918
49,24,1840
30,25,1811
87,19,1444
235,22,1612
12,20,1351
135,21,1467
188,19,1416
80,18,1284
63,26,1979
54,18,1436
57,20,1487
50,22,1638
32,23,1631
6,19,1308
90,13,822
23,23,1372
49,17,1269
0,23,1753
83,14,768
77,16,1056
70,12,841
64,18,1283
37,20,1370
60,15,945
93,11,788
38,17,1221
32,31,2358
99,22,1322
119,22,1553
15,17,1221
60,14,966
20,21,1435
26,27,1691
151,17,1063
99,19,1358
58,15,975
225,16,1117
118,19,1274
137,16,1200
93,15,1037
3,21,1438
32,19,1300
0,26,1778
31,28,1996
25,22,1554
30,16,1223
3,19,1414
183,17,1127
1,28,1941
59,22,1549
45,17,1214
22,18,1226
101,34,2462
93,21,1660
6,26,1873
1,26,1634
23,21,1419
88,14,934
67,23,1646
19,25,1715
3,22,1611
38,24,1761
33,13,913
12,17,1211
204,22,1345
21,17,1106
3,19,1347
94,17,1164
58,21,1359
12,21,1435
174,18,1219
142,15,1039
228,18,1327
40,23,1604
24,20,1481
22,19,1409
2,27,2106
166,19,1348
35,17,1161
24,20,1349
17,21,1418
39,28,1997
68,21,1439
49,13,942
167,20,1355
133,22,1500
32,20,1464
6,20,1284
76,24,1801
45,26,1906
406,11,814
75,18,1241
37,12,805
90,24,1763
237,25,1657
28,12,709
82,25,1803
118,18,1123
225,27,1718
285,17,1274
71,16,1143
5,27,1701
56,20,1435
243,15,967
37,13,875
26,20,1561
7,22,1741
113,20,1319
22,23,1725
97,21,1478
38,19,1274
8,24,1693
66,18,1220
28,14,941
215,24,1621
39,17,1202
25,15,1045
157,31,2099
0,22,1489
37,23,1735
22,19,1364
221,14,928
10,27,1962
99,24,1593
45,24,1592
24,25,1739
37,17,1242
67,20,1358
235,20,1376
63,12,959
10,21,1531
3,15,1127
50,24,1619
1,17,1169
37,12,997
206,22,1418
91,21,1586
211,15,1081
23,22,1512
15,19,1364
35,16,1068
127,26,1921
189,15,1136
11,22,1559
144,16,1049
35,26,1681
110,14,918
86,20,1489
70,15,1012
22,19,1169
39,18,1195
244,16,1155
117,13,946
8,19,1235
109,16,970
25,21,1529
62,28,1781
76,23,1724
162,22,1444
72,15,1043
178,23,1489
61,21,1481
41,26,1836
100,13,876
8,21,1513
1,22,1512
1,18,1415
21,24,1616
157,18,1047
29,16,1203
85,21,1330
37,24,1654
62,25,1893
12,24,1583
3,23,1457
67,27,1917
51,18,1338
12,19,1205
40,19,1092
15,17,1299
32,17,1170
2,19,1261
103,16,1081
12,14,938
2,23,1500
48,26,1740
78,17,1115
37,22,1453
188,14,1079
57,21,1640
2,20,1437
73,23,1458
68,23,1631
20,21,1382
197,20,1238
54,17,1180
25,27,1994
133,23,1470
57,21,1511
90,19,1273
20,28,2057
14,23,1783
23,19,1319
11,23,1657
74,21,1676
23,24,1751
31,21,1315
27,17,1206
0,21,1402
12,14,1082
56,32,2302
17,20,1450
15,18,1140
77,17,1053
98,21,1531
59,21,1341
55,17,1270
6,17,1147
47,20,1434
6,18,1118
10,11,686
69,24,1586
1,17,1131
133,24,1693
27,19,1319
80,17,1357
159,20,1618
13,24,1635
41,12,931
10,22,1509
45,27,1931
140,10,655
110,20,1452
35,28,1984
67,16,1117
8,21,1571
7,19,1282
5,22,1424
63,16,1074
184,12,777
33,19,1374
0,17,1248
166,18,1317
79,20,1174
76,23,1443
73,24,1715
1,30,2062
33,20,1356
3,21,1509
25,20,1410
81,19,1304
203,20,1463
63,15,916
49,20,1395
85,21,1543
117,22,1488
5,23,1478
52,27,2063
104,17,1194
267,12,781
13,19,1351
104,20,1339
28,27,1790
28,21,1357
21,15,1061
84,26,1898
61,16,983
67,16,1075
38,15,1042
178,12,791
107,16,1261
28,15,1035
67,20,1264
165,22,1592
11,22,1554
47,20,1378
147,18,1312
50,19,1179
202,17,1133
88,20,1459
42,17,1155
82,31,2181
320,19,1333
47,14,973
9,18,1136
9,19,1220
107,19,1397
105,18,1152
139,20,1434
119,22,1531
105,25,1751
122,18,1285
75,12,978
45,18,1341
45,22,1665
49,19,1284
67,18,1205
69,19,1409
80,38,2647
217,16,1007
15,22,1544
115,20,1377
41,20,1376
42,16,1274
60,21,1445
90,15,1140
84,21,1474
59,30,2301
146,30,1990
293,18,1229
17,20,1368
49,28,1761
42,19,1307
83,10,660
0,24,1671
60,20,1264
37,22,1468
1,29,2017
130,20,1541
27,26,1755
211,16,1132
84,17,1118
104,16,967
25,24,1647
98,10,719
3,20,1497
48,20,1487
102,23,1801
98,19,1276
161,19,1081
7,21,1490
37,23,1811
4,23,1641
98,17,1287
41,31,2127
67,21,1543
160,20,1424
142,21,1531
218,11,885
194,21,1363
22,25,1738
12,24,1775
48,12,726
78,22,1705
188,16,1092
13,14,1000
19,13,804
100,19,1348
1,15,1023
1,16,1074
63,16,1010
17,20,1475
1,25,1596
10,20,1278
151,20,1353
100,14,818
13,18,1345
8,16,1076
66,22,1470
70,26,1868
14,21,1502
12,18,1412
53,21,1510
111,21,1662
37,19,1241
49,16,1051
7,19,1442
91,27,1894
12,20,1264
46,21,1506
7,26,1786
34,21,1446
125,22,1522
35,18,1231
51,16,1191
4,26,1741
11,14,1134
131,23,1444
78,21,1466
9,13,889
17,17,1101
0,18,1285
1,18,1061
372,16,1252
26,16,1109
32,22,1429
44,14,865
76,17,1388
123,28,2047
5,25,1803
0,20,1405
11,22,1491
16,10,753
332,18,1276
38,22,1464
33,26,1916
21,21,1565
450,16,1177
49,15,1230
59,23,1801
30,21,1491
45,12,761
56,39,2933
115,14,834
157,21,1389
99,19,1261
119,18,1221
28,20,1356
45,16,1090
88,23,1585
61,15,1048
70,22,1520
146,14,1042
9,16,1056
104,12,791
53,16,973
5,24,1718
181,12,684
117,18,1266
15,21,1336
64,23,1679
48,15,1056
43,18,1051
37,21,1387
48,25,1973
124,19,1443
1,23,1525
149,19,1270
49,15,1078
86,18,1210
96,19,1296
31,19,1386
129,17,1125
202,15,1101
90,22,1701
89,16,1204
75,27,2025
15,14,960
49,19,1349
29,20,1346
216,21,1559
64,17,1271
114,13,1019
2,19,1150
85,20,1507
14,22,1480
25,18,1282
112,15,1039
78,24,1688
86,20,1429
2,16,1179
86,23,1533
150,25,1598
40,23,1775
7,19,1223
0,17,1253
0,19,1307
33,20,1525
11,17,1294
0,14,920
34,16,1148
47,27,2057
87,21,1575
65,15,1043
102,18,1341
1,18,1339
7,21,1452
180,18,1292
12,23,1503
9,12,942
163,14,1141
96,18,1334
71,14,992
7,29,1944
23,22,1506
11,21,1670
27,18,1223
4,9,606
155,20,1429
117,18,1241
114,14,980
60,23,1605
81,24,1766
243,11,739
6,21,1421
103,18,1218
86,17,1173
97,18,1198
115,26,1617
190,21,1535
33,23,1575
11,17,1308
9,17,1045
0,21,1548
9,23,1767
86,28,2000
42,17,1268
52,11,809
22,21,1412
96,22,1637
10,24,1699
222,15,893
5,23,1523
138,23,1575
109,22,1346
115,18,1329
35,14,1100
304,11,756
103,19,1477
4,22,1532
54,15,1209
11,25,1457
14,16,1063
71,16,1095
50,20,1365
79,17,1175
26,22,1591
81,19,1341
0,32,2361
24,25,1582
10,12,824
31,24,1583
22,16,1178
128,11,669
42,12,694
224,20,1308
12,15,995
59,18,1293
140,24,1832
15,14,1007
91,19,1376
6,28,2081
13,20,1312
14,33,2331
34,16,924
132,15,1071
52,25,1786
18,13,777
62,28,1972
46,27,1892
67,14,965
53,25,1674
307,22,1466
65,23,1608
142,15,1020
93,9,574
50,18,1138
94,19,1205
112,25,1736
67,21,1416
93,26,1567
107,19,1367
372,14,1053
64,22,1451
20,15,1085
42,16,1335
59,18,1191
62,23,1744
232,16,1251
57,14,1153
11,21,1516
86,28,1988
137,18,1151
0,15,1115
0,20,1505
77,22,1657
74,22,1508
16,18,1146
44,24,1625
0,15,1084
110,17,1157
27,24,1760
92,23,1685
106,19,1376
30,19,1383
2,24,1520
101,20,1118
34,24,1638
103,19,1181
2,13,919
25,24,1728
64,30,2111
9,29,2008
62,17,1176
206,20,1463
14,18,1186
0,32,2449
64,28,2043
144,20,1333
81,23,1558
122,18,1302
24,21,1629
4,17,1309
129,24,1597
21,19,1306
16,28,1956
29,20,1315
25,15,1047
261,15,1135
22,17,1251
116,19,1315
32,23,1717
241,24,1737
163,28,1925
200,20,1383
34,23,1560
3,18,1238
80,19,1225
233,10,704
17,30,2157
41,17,1315
34,21,1457
68,11,693
1,20,1449
93,16,1101
4,19,1467
31,24,1609
56,25,1495
18,29,2138
301,19,1263
12,22,1546
52,19,1377
126,14,942
92,19,1293
127,26,1772
36,27,1955
40,16,1157
7,19,1286
71,22,1599
46,18,1258
98,22,1561
70,17,1103
171,27,1832
173,17,1245
31,18,1285
0,17,1257
7,23,1626
45,21,1422
10,33,2527
0,26,1769
87,24,1788
145,14,939
37,17,1268
117,18,1335
162,22,1375
19,13,894
80,23,1698
102,21,1432
50,30,2214
51,21,1368
55,16,1153
31,20,1393
87,18,1468
355,21,1521
12,21,1526
42,19,1276
149,24,1581
16,21,1607
93,12,740
9,22,1532
12,21,1329
133,15,1085
130,17,1073
225,24,1686
63,23,1740
79,24,1724
91,20,1417
156,13,852
109,15,905
4,22,1526
12,18,1228
29,17,1139
112,13,953
166,17,1237
20,15,908
23,25,1648
167,17,1124
27,19,1306
2,18,1175
45,23,1632
89,25,1715
296,20,1385
22,20,1380
93,13,985
169,10,827
113,22,1542
16,21,1427
138,17,1172
92,21,1502
7,23,1538
55,14,1043
28,24,1762
169,16,1077
21,19,1296
45,13,970
52,22,1613
135,19,1354
180,16,1273
228,20,1187
15,24,1606
21,18,1250
5,24,1707
90,17,1044
76,20,1348
49,14,932
11,22,1500
94,14,1092
13,16,1077
31,21,1628
5,17,1067
278,16,1197
144,23,1682
10,19,1223
28,18,1311
17,14,986
6,24,1668
64,18,1258
62,25,1818
47,18,1141
17,22,1629
149,15,975
20,16,1099
91,19,1349
35,22,1380
4,31,2337
8,11,718
63,20,1525
22,27,1959
198,18,1266
3,15,1232
13,19,1162
127,19,1209
170,20,1423
12,20,1598
17,17,1196
8,17,1188
47,22,1388
58,16,1138
44,22,1707
117,20,1365
66,20,1313
18,21,1382
1,18,1396
127,20,1299
1,22,1605
172,14,1046
1,26,1721
95,19,1271
149,18,1134
12,14,874
22,19,1146
175,27,2074
233,18,1208
29,20,1294
7,22,1613
55,25,1767
108,18,1269
8,23,1595
74,17,1107
17,15,1046
2,17,1276
2,19,1308
178,23,1578
25,16,1219
135,17,1248
25,20,1351
54,19,1470
79,22,1551
54,19,1453
32,16,1177
25,20,1368
36,27,1862
29,23,1685
20,25,1831
153,18,1347
25,21,1577
23,27,2151
197,18,1240
68,23,1520
49,18,1254
7,20,1451
50,18,1305
42,25,1643
121,17,1354
93,18,1108
53,20,1249
66,24,1570
260,19,1294
68,21,1448
232,20,1399
36,15,1063
72,20,1437
169,19,1435
29,25,1804
72,18,1311
10,21,1389
10,13,942
107,20,1457
6,20,1408
16,16,1161
36,17,1118
226,22,1555
153,19,1353
16,19,1407
85,21,1497
21,19,1242
228,18,1339
64,27,1870
18,18,1253
20,15,1010
76,23,1482
176,19,1262
376,14,1091
32,15,955
55,23,1761
14,20,1437
8,17,1143
40,24,1775
17,14,999
1,26,1960
47,20,1319
108,15,896
149,26,1669
2,23,1532
40,27,1855
11,21,1340
1,18,1287
7,25,1850
18,17,1237
65,18,1162
64,23,1559
80,19,1294
3,18,1167
4,24,1660
29,16,1172
3,19,1381
59,28,2247
34,18,1332
263,23,1629
80,15,1132
150,26,1853
40,21,1484
56,18,1307
1,26,1941
26,19,1487
30,30,2106
11,27,1899
79,18,1234
2,19,1242
10,26,2006
2,22,1475
311,14,1130
101,21,1532
47,20,1605
168,23,1492
8,16,1176
77,22,1380
22,18,1195
65,20,1423
6,17,1109
104,16,1136
104,15,1012
34,19,1152
182,21,1520
9,20,1411
36,23,1516
85,21,1618
5,23,1436
129,17,1257
40,19,1439
131,22,1404
64,20,1286
83,12,824
47,19,1197
164,20,1423
39,30,1999
30,13,866
15,19,1372
16,17,1068
72,23,1491
27,18,1383
2,26,1584
13,24,1456
14,23,1575
65,22,1644
63,19,1344
148,24,1842
68,17,1290
137,18,1252
130,15,1069
10,19,1545
91,16,1047
133,21,1471
24,23,1541
57,21,1484
50,20,1392
139,22,1561
468,13,863
49,17,1173
6,12,908
16,16,1117
223,18,1064
111,23,1527
87,21,1316
44,16,1167
48,20,1401
37,18,1318
43,25,1624
36,20,1440
16,29,2246
157,26,1840
243,16,1040
159,24,1865
103,21,1575
41,25,1669
88,16,1152
1,15,1057
107,29,2088
38,15,1109
18,22,1434
162,19,1484
17,19,1338
26,27,2062
50,23,1603
36,21,1548
44,11,834
35,18,1287
16,21,1365
27,12,863
95,20,1488
111,25,1888
176,21,1381
1,20,1364
17,25,1799
25,18,1395
56,23,1634
44,14,812
240,23,1768
84,18,1216
20,21,1365
39,25,1774
47,19,1243
37,20,1237
32,27,1790
141,23,1504
40,25,1818
8,18,1278
24,18,1295
28,23,1712
23,19,1367
75,21,1433
76,23,1626
170,19,1273
116,11,777
29,19,1424
75,22,1566
382,10,675
66,17,1104
31,22,1564
26,25,1703
201,12,754
8,18,1406
75,18,1060
18,21,1468
6,16,1013
39,16,1098
85,20,1433
20,15,918
100,20,1406
14,15,1143
77,20,1350
24,26,1765
17,18,1216
118,20,1331
27,25,1635
260,15,1074
9,34,2358
95,11,788
33,19,1408
29,22,1593
71,11,815
76,16,1207
80,18,1302
25,17,1146
42,24,1651
34,24,1518
67,16,1159
73,16,1067
17,24,1698
79,20,1480
88,24,1602
135,18,1298
46,21,1342
165,22,1423
4,25,1701
15,18,1255
75,25,1628
93,20,1338
298,9,572
153,20,1341
147,15,1209
41,22,1713
197,18,1214
79,28,1973
177,30,2098
2,22,1586
19,29,2098
83,16,1162
128,16,1028
60,24,1585
27,23,1763
92,22,1687
71,17,1130
63,14,1037
163,20,1292
4,15,1149
73,22,1470
37,25,1673
1,24,1731
10,25,1763
0,21,1646
55,17,1109
138,21,1477
300,12,1019
38,24,1712
11,19,1381
2,22,1464
1,28,1979
9,19,1515
29,19,1232
68,24,1486
126,18,1501
165,16,1279
68,23,1644
122,17,1337
104,26,2008
13,18,1146
34,20,1486
101,15,1082
25,22,1412
173,20,1443
22,27,1901
76,15,1200
10,24,1463
31,26,1696
14,27,1857
23,22,1500
105,23,1666
110,21,1477
32,16,1180
126,16,1085
152,18,1362
86,15,1010
20,18,1180
44,21,1371
9,21,1444
111,19,1351
55,23,1469
284,18,1209
14,22,1645
19,29,2072
65,26,1974
33,20,1465
210,18,1313
90,21,1287
47,15,874
29,22,1556
57,12,874
6,21,1552
205,13,976
21,18,1200
65,27,1838
9,18,1289
23,20,1423
181,18,1348
57,26,1757
76,17,1147
12,16,1151
55,23,1595
128,17,1033
58,15,982
22,16,1011
210,16,1102
134,17,1248
127,20,1492
23,28,1994
8,14,968
40,35,2506
10,11,807
67,28,1948
8,14,1003
11,19,1314
121,20,1610
55,22,1298
56,20,1408
40,19,1332
35,26,1764
206,17,1319
22,16,1196
30,16,1175
53,23,1513
399,15,1047
90,28,1973
12,20,1319
18,25,1654
110,15,1208
91,27,1856
96,24,1567
77,25,1666
128,29,2083
29,22,1568
36,18,1428
66,16,942
31,23,1525
43,22,1643
130,21,1529
11,19,1352
83,22,1493
84,23,1647
83,29,1990
8,19,1323
33,23,1642
157,14,924
75,20,1370
87,17,1246
35,18,1197
81,26,1726
122,13,887
64,11,822
103,18,1151
132,12,839
67,21,1506
7,31,2008
38,26,1838
96,16,1185
49,22,1473
95,19,1249
52,28,2123
8,21,1526
59,18,1371
175,18,1314
8,28,2037
15,18,1157
74,25,1705
15,27,1951
130,16,1082
18,20,1458
99,18,1241
31,20,1329
1,18,1286
127,21,1362
172,11,684
63,25,1616
26,25,1680
144,28,1905
302,14,1036
47,21,1387
193,14,1033
43,11,825
7,16,1142
129,23,1517
4,17,1173
3,28,1879
22,27,1861
421,12,777
4,28,2023
14,16,1024
77,28,1944
14,21,1420
4,27,1889
42,21,1474
16,24,1586
131,16,1062
162,19,1302
32,22,1356
21,16,1165
7,26,1801
15,14,1103
2,21,1473
30,20,1343
145,27,1954
5,27,1850
12,21,1536
53,17,1185
96,14,1001
92,16,1193
30,20,1364
194,20,1211
142,17,1329
62,18,1273
50,25,1669
66,26,1846
172,17,1181
13,14,1023
95,11,671
50,20,1440
82,16,1229
125,19,1420
162,20,1473
2,22,1387
22,22,1397
20,27,2060
24,19,1489
100,22,1334
25,28,2011
82,16,1100
28,18,1179
66,11,669
5,23,1457
117,22,1432
15,21,1382
170,11,795
36,15,1082
52,17,1128
163,17,1212
107,23,1582
34,28,2015
134,18,1256
70,21,1563
13,19,1217
75,22,1534
136,17,1108
16,30,2114
21,20,1465
12,21,1403
37,26,1797
95,20,1217
103,20,1451
92,18,1331
0,25,1706
137,17,1178
20,17,1163
66,24,1432
60,18,1298
32,20,1431
142,24,1667
12,10,596
7,22,1576
6,25,1790
22,18,1198
127,15,1020
101,21,1471
9,15,1011
30,18,1267
13,22,1579
142,23,1536
27,23,1647
7,13,833
18,22,1600
48,22,1557
166,19,1487
111,24,1435
86,18,1146
87,20,1345
66,26,1724
113,19,1427
47,28,1819
68,13,987
254,19,1312
353,23,1537
9,23,1424
39,23,1647
24,14,843
1,19,1218
659,8,579
2,32,2307
5,14,972
10,31,2013
63,23,1462
61,24,1652
49,27,1841
36,20,1431
94,14,983
111,25,1637
23,21,1475
81,16,1068
36,15,1012
61,22,1636
123,16,1227
0,23,1428
32,27,2016
82,19,1298
151,23,1558
26,21,1291
38,22,1788
0,13,958
162,27,1864
95,20,1161
7,14,918
57,19,1299
116,17,1225
125,17,1193
98,14,1010
0,20,1362
25,18,1420
73,15,1123
70,17,1114
43,21,1404
96,16,1154
20,12,804
53,16,1168
4,32,2280
296,10,602
41,25,1726
115,25,1751
132,12,938
116,15,1094
111,26,1766
70,17,1159
39,20,1526
11,27,1813
161,16,1222
3,21,1486
19,23,1622
276,17,1135
152,11,889
6,22,1514
34,17,1283
13,26,1873
110,19,1318
5,25,1576
13,26,1973
119,18,1303
50,20,1567
4,25,1801
22,25,1652
45,19,1457
307,17,1314
157,21,1478
48,22,1330
48,21,1345
20,21,1229
101,18,1259
115,14,1067
66,20,1447
120,17,1090
192,12,788
122,13,1009
10,15,1083
187,22,1522
102,13,976
1,15,1015
45,27,1814
63,21,1471
5,20,1429
67,21,1661
195,12,809
81,17,1256
30,20,1258
122,19,1257
160,24,1721
60,24,1599
83,21,1385
127,29,1956
46,25,1584
76,13,934
341,9,554
58,13,879
27,17,1212
166,12,855
138,29,1890
85,23,1620
40,20,1362
56,13,740
30,24,1611
135,20,1416
59,14,1156
231,18,1232
92,25,1824
72,19,1356
66,19,1473
11,18,1337
34,29,2092
122,20,1382
74,18,1309
12,29,2065
0,18,1280
76,23,1737
36,18,1187
106,20,1479
65,21,1546
13,24,1774
29,20,1476
100,22,1577
36,22,1498
49,17,1226
69,27,1938
41,19,1371
90,13,1034
114,24,1724
29,19,1301
1,23,1598
131,21,1589
28,18,1250
68,21,1424
65,23,1859
13,16,1087
18,24,1643
18,18,1156
12,15,967
254,17,1219
35,12,796
111,19,1278
19,21,1395
216,20,1392
33,19,1333
5,26,1847
65,19,1374
24,17,1225
4,16,994
43,20,1312
155,19,1293
44,16,1147
93,19,1351
210,18,1355
82,18,1167
115,21,1580
31,24,1643
41,16,1021
40,20,1381
24,24,1732
132,27,1995
65,23,1455
2,18,1203
12,28,1924
177,14,959
113,28,1987
68,22,1620
196,28,2044
139,16,1115
156,19,1397
81,19,1304
56,25,1824
98,20,1349
20,18,1267
53,11,674
5,26,2075
220,16,1246
8,20,1287
74,22,1553
154,19,1350
149,24,1658
45,23,1731
55,17,1199
142,24,1711
48,24,1552
55,23,1684
70,19,1306
13,20,1425
169,14,908
21,21,1551
277,16,1173
44,18,1105
4,22,1510
26,28,1912
12,21,1549
9,22,1508
9,22,1486
56,24,1681
64,23,1667
175,23,1758
156,21,1491
145,18,1071
16,19,1189
66,20,1406
29,22,1511
43,24,1627
39,26,1769
16,25,1564
199,24,1669
26,26,1983
12,24,1611
211,18,1216
64,22,1623
167,19,1346
91,16,1122
55,29,2129
47,14,1049
5,25,1749
15,26,1788
37,26,1832
87,17,1176
17,15,1154
23,20,1127
73,13,992
25,25,1758
79,22,1495
142,16,1156
53,19,1415
67,19,1307
190,13,975
237,25,1664
77,25,1668
1,17,1084
273,16,1193
5,16,1160
70,31,2089
54,26,1755
28,17,1177
232,16,1169
38,29,2131
26,23,1642
0,18,1414
36,22,1628
19,17,1161
41,24,1805
31,31,2312
105,17,1284
202,16,1148
108,23,1598
79,23,1618
85,17,1043
18,16,1148
10,21,1540
33,20,1400
66,19,1491
50,17,1106
67,18,1354
35,16,1102
93,19,1341
40,17,1244
12,22,1580
85,18,1327
19,18,1413
66,15,1162
202,23,1599
70,13,947
42,18,1349
126,23,1677
11,17,1080
77,15,1008
10,17,1376
15,14,1068
9,31,2439
3,20,1302
56,23,1771
52,12,698
6,14,981
137,20,1517
64,19,1114
8,17,1300
295,14,983
90,28,1918
48,23,1556
39,26,1741
16,21,1406
68,21,1309
10,15,997
148,26,1699
24,18,1267
9,14,954
87,24,1707
143,20,1388
52,12,707
89,25,1720
64,20,1459
84,22,1720
188,18,1218
126,24,1703
9,17,1070
126,16,1087
6,29,2017
58,15,1125
219,11,673
45,24,1687
73,22,1495
19,24,1737
35,26,1850
100,20,1290
7,20,1476
160,21,1479
26,20,1373
0,25,1671
22,21,1463
176,12,911
12,16,1066
64,21,1592
4,19,1288
19,17,1127
102,17,1190
69,25,1697
70,22,1692
18,14,1036
10,18,1319
7,21,1620
256,20,1343
50,16,1084
97,20,1430
80,19,1386
43,20,1441
192,16,1099
35,19,1313
33,20,1400
37,14,1069
7,21,1306
106,20,1401
18,22,1346
33,16,1065
2,25,1782
28,21,1338
266,16,1032
15,18,1262
84,15,1178
30,20,1274
68,14,1049
17,21,1601
36,16,1093
155,26,1846
14,25,1671
94,15,896
81,22,1560
13,23,1781
137,16,1103
88,23,1553
85,21,1373
48,20,1589
73,21,1484
14,23,1695
68,16,1019
19,11,712
64,26,1802
33,22,1581
113,21,1449
9,18,1294
12,20,1272
53,17,1246
13,19,1410
84,21,1449
24,20,1169
142,14,984
86,20,1489
394,18,1370
6,25,1616
179,21,1583
75,23,1820
39,12,751
81,19,1400
52,24,1736
50,16,1012
17,23,1518
9,22,1608
192,23,1692
43,21,1357
0,23,1583
110,10,673
117,20,1333
1,27,1802
191,20,1493
33,22,1811
9,17,1090
141,21,1367
18,18,1220
89,27,1847
138,24,1724
58,21,1311
17,21,1746
122,30,1965
57,18,1375
49,17,1118
20,19,1182
17,20,1403
165,14,821
0,27,1923
52,28,2086
207,13,1070
40,21,1516
82,12,868
279,20,1536
56,19,1320
51,18,1344
24,16,1113
27,18,1369
38,18,1245
27,24,1611
94,17,1178
23,27,1988
149,21,1527
52,17,1240
17,28,1911
69,25,1717
99,20,1420
8,21,1467
113,12,836
334,13,1012
4,17,1260
34,20,1452
66,22,1691
27,19,1428
259,14,964
117,22,1506
53,23,1639
203,20,1444
15,21,1191
11,17,1147
62,13,933
73,30,2068
4,16,1184
89,24,1554
15,21,1593
143,11,706
15,20,1445
39,17,1128
44,26,1921
119,17,1071
39,16,1126
0,22,1666
103,16,1052
101,20,1495
210,22,1519
96,16,1117
28,24,1694
45,20,1567
57,16,1072
68,15,990
18,14,876
39,20,1384
19,22,1368
50,25,1755
14,23,1624
6,24,1787
67,27,1970
21,20,1460
63,27,1922
71,18,1275
43,17,1200
40,20,1188
114,21,1415
121,22,1752
55,19,1304
127,17,1297
78,33,2612
45,14,1029
27,24,1663
74,21,1473
5,29,2074
116,17,1215
267,19,1318
68,19,1396
6,29,1943
5,28,2195
139,23,1590
172,21,1461
17,14,947
22,18,1228
118,21,1411
82,17,1185
126,17,1252
35,18,1270
20,18,1349
331,11,741
129,26,1891
125,20,1262
16,26,1663
2,19,1242
4,19,1486
17,22,1724
20,17,1205
42,22,1701
135,23,1628
37,23,1651
49,21,1402
1,23,1554
80,18,1310
82,17,1256
26,19,1258
105,26,1902
210,21,1437
11,16,1067
163,19,1447
1,17,1319
31,28,1898
10,16,1249
34,25,1883
168,16,1164
92,16,1189
69,26,1823
7,23,1415
43,21,1528
6,23,1713
179,21,1414
4,24,1633
18,21,1424
258,18,1261
185,23,1515
46,17,1172
58,20,1563
12,22,1675
166,18,1210
12,30,2022
149,22,1479
9,23,1680
72,24,1610
71,14,881
24,28,2145
30,22,1736
92,23,1764
127,21,1438
124,17,1322
60,16,1196
92,23,1640
24,18,1422
213,18,1295
40,19,1356
34,14,999
111,24,1670
1,20,1432
110,10,733
80,20,1323
29,23,1604
16,16,1075
53,20,1328
31,19,1404
264,20,1309
83,25,1592
3,30,2069
84,18,1281
98,17,1384
47,14,966
152,15,1013
262,19,1264
111,13,971
108,20,1406
5,17,1220
109,22,1582
18,23,1683
32,24,1563
4,20,1408
38,16,1005
165,19,1410
3,24,1816
48,15,1034
108,22,1488
4,18,1320
18,21,1506
74,23,1518
11,13,993
32,24,1625
0,24,1772
55,19,1392
207,15,1102
9,22,1459
3,11,804
46,17,1432
25,29,1962
25,20,1396
43,27,1983
259,31,2260
124,15,1019
34,22,1544
0,19,1279
50,21,1344
43,21,1461
2,16,968
14,18,1190
85,18,1183
55,22,1520
3,12,822
106,25,1772
49,22,1350
54,16,1214
18,24,1554
3,19,1322
35,18,1320
12,29,1983
229,21,1396
54,17,1267
173,18,1248
5,15,993
61,16,1125
149,14,1113
28,18,1298
248,18,1190
7,26,1884
66,21,1575
146,15,895
30,25,1674
11,23,1541
24,13,833
1,18,1481
80,19,1327
45,13,922
147,13,864
119,14,939
182,22,1525
24,20,1434
62,27,1733
114,23,1571
122,17,1218
0,20,1712
40,22,1610
126,20,1380
25,20,1464
64,15,1151
52,20,1409
101,14,1027
160,18,1200
5,21,1421
91,17,1178
207,20,1400
223,19,1356
19,27,2008
88,15,1085
157,12,780
6,21,1475
28,15,1100
9,13,918
11,32,2087
38,18,1315
247,17,1201
16,19,1345
6,20,1361
5,23,1734
30,20,1387
24,18,1278
18,30,2199
17,27,1800
18,16,1027
21,17,1241
59,16,1103
64,17,1177
8,25,1824
40,24,1565
198,13,894
11,21,1561
72,18,1290
30,22,1526
51,16,1156
165,18,1406
33,26,1575
133,17,1229
107,18,1228
38,22,1460
199,12,943
2,14,923
44,25,1688
162,18,1219
43,15,1043
83,18,1358
7,9,598
16,20,1503
143,17,1067
83,17,1234
27,23,1539
22,29,1980
0,21,1416
115,20,1553
12,24,1837
10,24,1825
30,24,1664
212,24,1635
4,17,1207
97,21,1435
104,13,1002
12,17,1331
18,24,1623
31,16,1031
8,23,1477
7,23,1623
85,17,1082
52,16,1175
74,17,1136
70,17,1171
1,20,1523
42,23,1628
41,22,1503
21,10,692
152,22,1584
26,20,1464
38,32,2326
0,29,1970
147,17,1152
63,16,1164
84,20,1523
10,19,1317
5,21,1557
31,14,1033
134,22,1648
173,13,903
182,13,921
212,19,1322
30,19,1500
67,22,1457
86,18,1326
38,14,971
119,20,1337
52,16,1247
140,14,931
34,29,1945
140,16,1168
52,16,1029
10,20,1311
19,17,1326
24,22,1582
28,21,1551
99,19,1332
2,28,2109
4,17,1169
53,21,1556
35,23,1784
36,19,1350
22,17,1234
9,24,1687
0,25,1745
51,28,1815
271,15,1060
3,23,1723
243,19,1265
74,19,1204
66,25,1723
73,26,1912
201,11,774
45,21,1301
0,25,1660
15,21,1574
23,18,1102
7,29,1994
45,22,1662
45,24,1676
49,15,1001
25,22,1504
180,17,1158
30,25,1702
0,26,1849
11,17,1262
17,21,1476
5,20,1251
362,13,824
5,18,1213
9,11,874
33,13,982
9,18,1293
45,23,1651
37,21,1540
165,22,1533
14,22,1683
64,17,1161
43,22,1745
135,22,1657
164,19,1387
165,11,915
83,12,772
10,16,1169
113,22,1721
91,17,1221
71,26,1841
63,16,1151
149,23,1658
34,25,1559
40,19,1294
2,25,1679
71,15,1076
37,23,1627
110,18,1311
65,18,1168
27,22,1642
45,19,1316
21,19,1170
126,22,1526
50,16,1078
19,16,1168
0,21,1344
21,22,1359
15,14,997
9,18,1208
91,18,1274
45,23,1528
33,15,1039
1,20,1361
0,21,1579
82,16,1118
96,19,1393
86,26,1926
15,21,1343
23,19,1216
85,19,1386
129,19,1503
4,25,1957
2,24,1784
39,18,1264
42,21,1453
4,26,1685
86,25,1730
21,21,1383
56,25,1659
82,19,1400
72,17,1327
129,21,1348
410,17,1071
13,16,1046
294,21,1558
61,12,512
35,12,564
32,15,691
11,16,568
281,11,563
257,12,484
2,13,666
124,11,464
24,18,830
41,17,834
42,12,669
273,11,463
73,11,520
459,8,447
179,9,454
39,16,747
210,17,677
382,11,535
3,15,691
20,11,463
27,12,542
23,14,609
109,10,441
335,12,565
169,15,663
55,9,509
13,15,706
157,11,585
28,16,715
53,19,808
161,13,619
212,11,365
219,13,677
142,15,629
7,11,567
55,8,353
83,18,942
95,19,857
89,8,350
48,9,405
6,16,613
34,12,558
0,16,529
126,14,424
76,13,508
19,12,511
102,8,319
36,16,693
51,12,542
4,16,687
19,17,616
38,11,529
17,19,860
470,7,341
98,16,594
119,10,450
193,7,297
127,10,471
3,11,457
1,13,415
258,14,594
49,13,596
23,16,820
52,11,496
64,12,342
100,11,481
31,21,684
190,16,913
91,15,520
187,16,759
102,18,752
12,18,846
0,21,994
11,18,707
52,12,596
22,17,916
4,11,468
63,19,841
190,13,475
66,17,626
125,12,515
283,10,565
357,14,606
20,9,445
1,15,657
161,12,610
54,13,665
124,13,663
170,14,651
52,12,702
54,11,449
208,12,557
47,14,622
3,14,665
189,15,685
39,12,604
35,8,409
2,16,855
98,15,490
105,13,512
158,12,542
127,11,506
7,12,533
133,20,827
139,21,901
77,13,547
37,18,825
4,13,555
20,7,331
171,12,488
45,13,559
67,13,667
115,4,191
47,10,465
191,12,435
25,19,1001
503,10,505
75,12,638
5,15,753
154,16,796
196,12,498
130,13,656
4,17,566
143,13,663
42,16,538
220,18,840
37,16,653
252,7,438
78,21,787
28,18,785
274,7,353
38,11,493
141,17,767
100,12,512
357,8,389
41,19,894
9,11,394
209,14,626
81,18,721
2,12,617
181,9,413
398,10,503
122,13,636
67,21,821
213,11,362
25,8,427
335,12,519
172,13,692
230,19,822
87,16,700
177,13,572
3,11,501
38,8,400
51,11,372
186,9,296
222,16,823
123,17,899
68,13,562
51,19,894
35,16,632
237,14,640
27,13,760
5,13,690
100,10,480
27,16,760
88,13,544
283,14,706
64,15,669
144,14,628
12,13,550
183,8,357
67,12,591
97,19,900
69,14,551
68,12,449
354,15,704
251,10,404
33,10,376
96,14,704
0,12,543
21,11,382
74,17,670
34,23,1078
3,15,788
12,14,698
743,5,251
44,14,685
100,15,735
98,13,633
25,14,722
30,15,649
42,18,971
79,11,473
105,13,585
4,9,370
645,11,516
18,17,760
64,8,452
120,8,300
34,9,421
18,7,374
11,15,704
519,8,354
133,12,516
29,21,1165
208,9,488
16,16,680
88,14,614
186,10,441
22,12,411
202,16,714
125,17,673
208,19,782
203,15,840
24,14,609
52,16,782
218,11,447
122,11,539
27,18,665
10,13,660
130,23,1108
181,4,149
226,17,780
121,9,432
245,18,743
36,20,753
19,11,494
59,18,720
269,14,566
68,9,315
29,13,536
67,14,713
24,17,819
100,10,343
167,10,527
4,21,982
72,13,676
16,8,497
357,17,841
180,13,648
40,16,663
227,14,535
459,13,718
75,14,695
80,14,539
153,15,568
11,6,279
56,11,479
42,13,545
17,13,460
6,16,680
201,20,846
66,21,912
17,15,708
35,17,783
82,16,762
4,11,430
46,19,909
219,17,775
262,12,518
278,14,670
111,16,778
164,13,507
127,13,617
80,19,836
392,11,409
25,18,750
136,13,628
16,16,840
396,16,833
47,20,974
115,17,534
12,12,566
5,13,625
71,9,491
127,13,467
45,13,451
19,14,459
44,13,599
4,15,660
74,13,517
99,13,441
5,25,1198
66,14,485
40,16,669
166,19,880
29,15,766
23,17,576
76,14,572
14,17,647
30,15,691
43,14,729
50,22,1021
19,19,804
174,19,854
13,21,736
241,11,549
86,16,757
59,12,585
318,10,428
15,10,413
765,6,349
153,14,629
74,16,633
153,15,784
50,11,513
253,8,432
0,18,836
81,18,825
59,17,736
5,10,518
55,15,609
10,15,465
71,12,463
21,15,769
7,10,470
85,18,878
132,6,223
145,13,556
12,12,563
3,12,469
84,9,358
17,15,619
46,16,724
59,9,448
28,10,541
36,12,628
240,11,537
101,13,597
110,12,419
8,13,659
53,16,516
35,11,409
93,19,805
13,11,502
5,10,365
174,7,381
2,14,561
106,11,451
20,12,470
198,12,535
132,11,532
20,12,571
341,12,530
388,11,477
91,11,403
5,14,553
124,15,608
41,12,587
27,15,619
146,13,505
128,19,744
236,15,688
2,16,663
22,12,520
218,14,613
9,19,729
9,13,533
52,14,731
378,14,752
8,16,866
225,14,611
137,17,680
55,11,474
77,12,516
218,13,517
90,12,456
387,6,304
82,12,541
448,10,417
36,7,280
110,15,606
122,10,432
22,13,705
232,8,318
28,5,298
13,16,764
33,9,372
23,16,701
87,10,545
37,18,821
74,13,630
139,16,584
18,10,513
23,12,518
7,14,710
56,15,632
45,18,791
164,13,543
35,17,665
5,18,813
1,15,677
179,8,417
52,15,699
76,10,415
19,13,557
208,18,809
146,10,456
114,16,623
50,10,540
298,14,615
106,15,622
185,10,484
14,15,760
173,13,594
85,11,374
124,16,747
11,10,558
3,13,661
194,6,197
96,10,434
378,10,500
240,8,311
27,14,566
60,14,594
13,13,581
14,14,586
70,10,492
251,8,358
178,11,482
283,12,544
43,19,813
113,11,454
83,15,825
169,8,350
5,15,688
159,16,735
25,12,528
97,12,617
141,20,900
387,20,828
1,6,251
53,18,734
22,19,876
199,17,818
25,13,662
17,17,784
25,10,416
91,12,530
260,10,433
30,15,810
187,12,409
418,16,688
62,18,736
22,6,202
61,15,573
92,18,701
6,14,565
162,11,459
147,10,500
546,8,401
404,13,580
18,9,444
120,9,544
190,17,758
21,12,492
33,16,684
86,9,478
102,16,754
105,10,490
34,8,269
74,15,712
7,12,594
57,19,848
93,9,369
19,15,622
88,12,440
26,16,634
190,26,1145
37,21,977
18,15,616
29,17,848
14,15,799
93,12,578
208,13,544
37,21,997
9,17,640
15,10,283
154,13,541
154,14,759
34,12,522
24,12,492
81,9,409
387,7,333
251,8,358
66,13,653
146,14,693
57,7,370
81,16,667
79,18,794
26,11,513
125,12,579
15,17,790
16,21,969
490,7,332
61,13,643
49,10,452
137,16,805
32,12,475
281,16,710
19,18,840
127,15,779
43,16,739
3,10,481
10,14,660
104,17,869
286,8,454
11,14,486
549,10,439
21,19,971
0,11,558
16,17,723
39,21,802
5,10,470
61,8,275
77,6,195
25,13,503
3,14,566
46,13,603
113,10,518
18,11,534
18,20,973
14,10,549
96,18,806
68,11,311
22,15,705
857,5,275
42,16,741
60,13,552
8,14,622
34,14,573
22,16,867
239,12,471
250,15,615
625,9,371
208,14,526
116,15,763
48,12,626
244,13,771
104,7,265
104,15,543
185,15,682
90,15,710
28,9,423
54,10,491
125,13,577
29,15,627
43,9,323
20,18,918
27,18,788
22,12,569
107,18,881
13,21,896
155,10,442
50,11,514
73,15,636
49,10,314
15,12,595
678,9,352
84,14,644
131,9,517
99,17,815
54,14,572
71,17,751
171,21,813
123,14,417
75,15,601
7,18,853
48,12,412
113,15,721
174,10,469
14,12,537
132,10,475
283,12,531
85,11,391
24,13,511
228,12,448
74,11,401
160,8,373
92,11,497
1,16,650
139,10,347
65,12,576
132,19,844
160,12,593
107,8,420
5,15,622
16,10,374
291,13,564
178,16,690
26,14,517
69,11,422
152,13,509
78,12,448
120,10,518
107,14,652
152,16,626
159,16,629
414,16,718
85,13,467
129,12,453
79,14,626
0,11,526
47,12,590
352,4,221
49,8,489
77,12,495
347,13,657
0,10,540
44,18,919
52,11,512
35,10,505
29,11,419
60,17,707
50,18,740
11,16,683
130,15,582
13,17,848
131,14,624
14,10,463
325,9,476
130,16,570
190,11,570
13,12,524
130,11,535
107,16,749
35,13,437
48,13,598
39,19,800
147,13,575
70,14,660
230,10,443
13,9,476
24,16,601
279,17,872
93,12,541
2,17,853
17,15,716
81,18,939
49,16,822
17,18,688
86,12,467
78,10,447
86,13,660
283,11,642
80,22,1081
65,15,680
107,16,770
62,13,503
361,10,396
92,9,367
28,16,622
35,12,528
84,10,410
120,16,746
98,16,696
103,17,660
180,14,618
117,17,732
136,13,531
53,11,501
192,18,799
4,20,755
259,9,396
317,19,894
140,9,421
31,12,514
438,11,496
41,10,473
189,18,726
76,12,654
114,11,630
119,10,453
18,19,866
160,18,781
115,12,766
159,16,611
15,12,553
211,13,413
0,12,562
72,11,491
23,12,454
0,15,535
195,11,393
44,14,557
267,14,731
323,12,439
41,11,483
176,11,491
112,11,546
20,20,855
168,11,624
39,16,737
24,21,903
111,11,443
51,21,1017
90,10,437
28,14,563
42,10,462
16,13,578
21,19,815
115,17,707
137,14,787
39,8,366
35,13,510
78,14,711
19,13,375
37,20,824
44,18,783
227,9,497
251,5,277
40,13,600
8,10,412
13,18,1016
72,10,445
12,14,517
169,11,590
106,12,565
98,8,406
14,22,981
103,20,905
67,8,325
497,8,362
41,15,622
263,17,927
42,16,940
10,15,580
348,11,492
40,10,528
13,10,412
24,12,565
56,11,497
18,14,603
239,9,422
167,21,924
50,17,725
157,11,431
9,8,349
7,18,665
30,13,708
102,9,422
64,12,559
236,15,534
399,11,542
16,5,257
7,22,996
120,18,976
95,13,728
84,9,406
157,14,613
77,16,641
51,12,444
19,11,445
96,24,1069
113,20,977
66,17,762
66,12,486
39,9,370
43,13,606
312,10,451
21,12,579
55,14,662
14,12,534
25,14,627
26,11,612
104,14,629
124,16,717
52,14,643
154,10,457
158,7,274
174,5,228
155,9,406
36,8,328
2,14,630
334,14,566
63,15,616
344,17,777
17,5,198
13,18,838
474,6,188
45,11,599
82,11,494
13,15,594
130,13,533
232,6,259
182,12,544
90,12,603
24,6,310
117,16,745
166,14,557
31,10,462
6,18,899
122,13,483
14,20,821
32,17,577
61,14,633
105,18,727
13,14,738
74,11,518
11,16,694
125,17,702
343,8,369
86,11,526
182,5,232
8,18,832
113,10,333
454,8,248
439,14,620
83,17,729
51,16,687
51,12,665
88,22,1028
30,19,850
135,19,891
148,11,417
111,12,548
7,9,408
107,12,493
96,16,713
258,10,391
143,15,657
45,16,763
52,9,327
44,15,623
82,10,364
107,13,473
23,19,670
348,11,498
252,17,793
14,9,342
89,14,544
6,15,731
17,15,820
92,17,796
93,13,614
88,13,598
223,12,488
87,17,837
1,17,824
257,11,488
96,11,531
9,15,692
5,14,694
41,12,580
271,9,332
68,13,472
107,12,522
121,20,860
10,13,661
143,11,553
246,10,473
7,16,662
33,15,768
157,11,529
61,8,450
39,14,683
12,11,502
40,21,891
4,10,547
39,9,498
335,11,438
128,8,239
178,15,641
259,17,689
1,8,370
18,12,469
107,17,734
124,12,629
17,14,592
12,11,488
24,24,1121
236,12,597
307,8,295
55,11,396
29,14,689
34,15,646
441,11,382
113,15,650
53,15,704
1,16,644
31,12,486
244,11,425
127,11,613
218,16,730
93,19,851
135,14,669
21,16,637
291,8,443
68,13,576
125,12,588
52,8,363
71,14,625
43,12,610
29,16,800
114,11,466
53,10,440
11,13,631
182,9,343
109,15,687
648,10,449
109,6,196
55,13,591
13,9,350
259,12,522
95,18,865
169,15,530
33,10,408
13,15,600
211,11,408
269,11,576
29,17,833
54,10,443
172,14,685
319,12,428
25,17,600
3,17,816
153,7,284
147,12,520
24,19,860
37,16,725
143,11,452
483,5,255
210,12,535
85,15,729
43,19,922
413,16,777
49,10,504
38,10,540
100,11,356
216,15,805
54,16,675
69,11,472
43,13,501
122,15,721
7,11,537
55,18,933
20,12,619
124,13,701
81,13,614
236,12,451
324,14,564
12,12,463
45,8,327
54,20,962
53,15,512
21,12,602
11,17,753
113,18,802
115,13,535
3,20,801
342,9,466
119,13,579
131,14,607
9,11,482
144,13,545
376,16,699
52,6,258
104,15,792
27,11,437
139,10,439
7,11,643
35,16,575
21,9,384
64,12,453
304,9,379
15,5,164
128,13,617
178,15,769
67,10,474
27,15,718
112,12,519
65,18,628
322,9,449
173,21,880
10,19,811
21,9,307
399,8,346
53,13,549
158,8,336
100,16,690
47,12,648
128,15,755
155,10,326
13,14,595
115,11,409
145,8,378
70,17,767
88,13,593
126,13,569
62,11,539
250,14,801
35,11,487
39,19,915
295,9,534
26,9,347
0,10,441
42,9,378
35,16,677
123,9,479
49,15,597
280,13,488
6,20,911
37,9,306
39,15,745
45,18,754
25,18,828
283,8,450
66,16,681
168,8,437
31,12,586
126,17,636
102,14,675
320,13,481
128,12,552
31,10,533
11,22,759
60,15,763
23,11,549
55,16,765
371,7,316
99,10,406
86,12,509
68,11,446
75,18,722
59,11,383
12,12,528
49,15,609
82,15,717
87,17,820
0,14,632
32,14,710
30,12,534
246,5,220
10,12,471
76,13,574
30,10,398
74,17,718
16,13,522
200,12,515
85,9,321
47,8,355
84,13,506
189,12,386
72,12,478
256,10,418
295,8,315
188,11,528
199,8,347
117,5,269
27,14,766
60,13,702
193,8,430
265,11,569
126,10,488
199,14,631
87,15,590
46,11,456
48,7,401
68,11,424
81,9,403
29,11,414
500,9,371
92,18,862
121,13,564
78,15,774
45,11,350
33,12,525
81,23,960
131,14,624
85,10,416
173,16,596
59,9,305
14,16,745
164,10,469
129,9,316
55,18,753
1,11,542
80,10,406
119,15,652
33,18,769
152,6,287
295,9,490
57,20,917
13,15,607
129,11,433
117,15,663
152,13,614
72,17,628
35,13,537
404,9,402
44,19,927
3,8,391
425,8,343
59,19,877
16,9,442
22,16,781
42,19,870
138,9,414
96,12,569
254,8,320
115,12,548
48,16,645
69,8,316
29,21,1031
200,10,498
68,10,528
113,13,595
30,13,586
31,19,918
130,13,634
56,10,444
3,17,787
85,5,187
311,11,451
7,12,659
60,13,582
10,13,587
27,15,662
57,16,750
56,11,537
196,15,774
15,18,911
85,5,157
31,13,674
136,11,508
26,17,751
301,9,464
293,14,645
114,8,322
2,14,535
103,11,411
21,10,392
38,13,481
223,13,621
7,14,525
7,12,531
60,10,449
201,15,597
9,15,676
13,14,567
93,20,918
125,9,359
173,12,539
102,9,434
416,10,463
79,18,877
165,11,425
28,11,599
154,11,590
374,10,458
114,11,373
39,21,810
42,16,826
123,7,312
21,11,558
64,12,552
68,10,475
6,13,515
134,14,529
7,10,374
161,12,605
317,15,769
22,12,568
30,12,589
159,11,502
253,15,673
209,6,264
68,13,586
81,19,898
392,10,436
66,14,662
15,14,561
120,21,1053
7,20,1018
383,8,363
41,11,424
35,16,750
159,11,490
3,13,589
3,15,722
131,14,796
45,17,819
12,18,842
136,12,396
56,16,641
73,12,616
40,12,384
527,16,777
83,13,576
505,9,355
82,15,671
55,13,688
10,8,390
38,13,541
54,18,876
448,11,353
76,14,548
46,14,734
28,24,1202
229,12,523
109,20,908
10,16,571
73,9,366
179,8,342
3,25,1026
12,19,957
114,12,556
107,14,636
78,14,552
203,11,604
34,12,351
32,16,794
29,9,461
64,14,579
23,5,209
62,15,598
24,18,772
244,18,742
150,14,610
53,14,532
411,9,439
22,16,636
76,12,495
233,11,581
22,16,692
5,16,737
132,17,668
68,9,361
51,15,742
26,17,740
61,13,618
356,11,581
112,10,349
8,17,839
40,20,959
110,9,347
142,20,1055
89,13,694
18,19,991
64,19,748
161,15,654
112,10,546
12,13,553
393,11,477
197,14,688
1,16,579
238,10,364
107,15,669
38,9,436
159,23,988
65,16,785
18,18,1006
22,17,735
77,9,504
16,14,651
243,14,728
7,18,701
47,18,798
10,13,634
52,16,546
20,17,763
154,16,742
141,16,596
37,11,428
833,4,239
63,18,823
77,19,916
47,11,470
105,7,393
47,14,660
154,11,540
93,12,564
68,13,588
66,11,404
110,10,330
176,14,560
329,10,455
49,14,542
300,7,209
227,14,627
151,16,520
16,12,350
55,12,439
160,14,568
43,10,588
86,12,506
363,12,536
194,15,595
446,8,345
22,10,420
83,7,319
85,18,968
92,15,718
68,10,480
466,11,588
28,15,801
11,7,341
210,8,399
133,7,231
154,11,595
28,11,472
44,10,434
120,15,629
84,13,561
5,13,577
83,11,520
196,12,378
62,12,539
321,15,654
106,17,779
64,11,399
15,15,704
179,13,558
10,14,579
29,13,593
1,11,428
209,12,618
136,17,748
56,21,1024
584,7,224
107,15,636
76,20,960
39,18,836
181,9,369
162,16,686
163,16,787
219,11,380
46,14,581
151,9,397
26,20,990
32,23,1037
113,10,418
13,10,552
3,14,676
215,6,267
236,10,470
25,18,801
227,9,360
9,11,479
20,8,400
284,12,557
200,14,558
62,18,873
31,18,781
17,14,642
119,16,765
49,8,230
110,21,863
149,15,570
95,13,594
192,9,365
13,10,437
163,13,566
22,13,422
21,11,453
40,10,488
17,16,654
294,11,572
402,12,470
131,13,722
93,7,282
191,13,530
206,14,687
8,12,605
195,14,592
6,11,468
142,7,287
38,5,223
99,14,682
110,10,442
107,21,895
106,10,492
416,7,344
31,19,708
77,12,505
2,20,925
87,14,634
266,15,651
45,15,590
45,11,465
94,12,563
40,16,678
182,14,681
111,11,464
434,15,661
295,12,374
29,7,296
92,13,705
168,12,463
58,13,539
98,19,868
168,12,497
53,4,190
118,12,424
55,12,364
212,13,681
43,17,772
356,11,579
131,13,585
80,11,588
53,20,968
228,14,804
189,14,606
28,15,790
29,11,461
144,11,559
48,15,693
8,13,637
16,15,620
44,13,550
253,11,524
93,12,550
136,11,510
59,10,484
49,12,479
61,15,620
146,12,405
35,12,618
2,16,664
122,18,816
47,7,318
10,15,711
112,14,639
164,11,466
24,15,716
30,11,422
270,13,692
172,10,510
200,14,643
162,18,819
89,8,281
54,14,588
182,11,583
57,15,721
36,14,558
24,11,488
191,16,775
253,11,357
10,9,334
271,13,477
19,20,890
253,8,374
55,8,368
97,10,456
13,17,721
5,13,586
120,14,605
388,4,157
125,14,756
48,16,765
11,6,250
1,12,614
56,10,495
140,13,523
118,13,669
1,12,569
27,15,753
10,16,673
133,6,294
40,11,597
211,10,490
196,13,698
33,8,328
234,15,686
392,7,252
8,13,485
36,15,566
8,25,1151
29,13,627
54,9,418
26,20,967
51,9,425
111,18,931
0,12,503
36,9,462
22,12,514
95,17,930
52,13,529
156,17,697
432,11,487
39,13,459
16,13,410
2,16,763
17,11,318
84,8,344
358,16,784
80,11,446
71,17,649
21,16,768
46,16,680
121,16,800
36,12,485
48,13,705
155,10,472
21,13,556
14,7,292
62,13,549
49,8,252
59,13,583
48,12,433
79,17,699
44,13,706
37,14,590
89,18,752
43,6,262
157,10,446
200,13,573
66,9,327
142,23,903
69,18,636
32,15,761
15,16,693
37,20,914
327,14,705
254,7,381
222,11,519
32,14,653
102,9,386
187,11,384
569,7,321
131,13,686
487,12,433
141,12,535
109,15,634
126,10,484
58,17,705
5,20,907
43,19,856
47,11,514
82,14,567
232,13,670
166,14,611
25,16,802
22,8,346
25,12,563
27,14,572
139,14,436
106,15,666
243,13,678
69,13,468
108,13,475
92,15,529
56,9,439
329,16,819
65,15,841
40,20,974
27,18,771
17,12,518
36,11,558
120,16,664
17,16,789
7,17,794
62,16,799
23,10,367
399,12,583
536,6,307
78,16,693
57,24,1020
91,14,584
65,10,468
6,15,797
1,14,659
258,7,302
85,11,430
229,14,447
151,10,390
111,9,393
81,15,654
199,9,349
40,14,656
14,24,1196
45,14,757
144,10,461
8,11,526
270,14,520
194,17,741
439,10,461
27,9,502
28,17,824
292,11,565
29,20,1024
46,16,664
183,16,674
100,16,665
105,12,614
99,13,703
269,9,293
137,14,558
114,18,761
31,13,554
61,20,894
11,19,985
48,10,510
162,13,692
114,12,564
45,9,488
15,12,514
9,7,335
7,14,582
187,11,528
6,12,513
25,14,693
37,7,260
1,14,713
69,10,335
178,11,467
133,8,378
296,15,708
224,13,598
24,12,509
49,15,651
41,17,827
258,6,371
166,6,267
22,15,537
58,13,480
87,11,425
76,16,723
349,13,692
16,15,654
35,11,554
41,14,638
73,14,780
61,15,616
14,15,742
28,7,300
113,16,854
155,20,945
469,7,290
8,17,910
104,15,529
125,11,430
46,11,537
153,14,687
4,12,623
94,15,662
108,21,1047
27,11,482
396,12,476
41,15,613
113,9,457
738,11,497
69,10,360
19,21,1052
127,18,785
54,14,583
25,9,382
90,11,564
447,7,236
34,15,781
274,5,232
0,6,237
126,10,396
12,13,644
21,19,836
1,15,659
46,13,448
20,21,867
39,16,812
181,19,887
284,13,697
11,16,847
64,10,339
17,15,683
32,20,1007
285,16,815
86,14,515
67,10,389
35,10,468
58,13,592
76,13,576
48,20,849
186,14,589
37,18,721
24,22,1061
10,15,627
67,11,533
117,17,781
121,16,718
14,13,519
75,17,883
70,14,615
4,14,710
345,12,445
153,13,517
206,14,603
77,13,590
7,5,278
403,12,480
42,11,626
29,19,874
127,13,595
26,17,757
33,14,652
151,7,373
61,11,421
168,16,655
13,16,625
89,14,569
178,11,529
20,11,435
75,15,627
23,13,660
214,9,462
30,15,738
404,15,627
10,14,556
23,13,634
150,17,665
18,19,1029
46,11,442
18,16,811
97,10,486
26,6,262
142,13,624
402,14,595
48,12,526
293,14,697
98,15,718
46,10,376
38,14,612
3,11,392
49,16,778
165,19,869
34,13,530
20,13,474
302,13,480
90,15,726
80,13,494
218,5,181
27,13,706
168,12,565
189,7,355
73,21,983
7,16,682
96,14,639
278,14,618
66,17,771
26,12,546
181,12,636
437,10,411
41,15,629
34,15,716
91,16,714
59,12,475
424,11,459
49,12,608
83,5,250
172,12,429
10,11,321
136,13,623
133,15,559
70,18,648
287,17,810
152,13,590
21,10,414
48,12,585
27,14,631
104,14,756
145,21,872
1,13,729
16,21,924
177,8,300
20,9,355
17,17,742
1,18,803
71,17,626
86,9,363
79,13,693
178,15,615
234,8,281
194,16,656
0,18,581
142,16,754
104,12,510
34,16,758
324,14,640
299,12,546
68,12,361
56,14,522
174,10,533
5,20,813
17,14,628
18,13,674
107,13,556
27,12,515
34,14,644
14,19,841
10,17,709
190,13,600
109,19,886
153,12,459
6,17,736
86,13,539
60,21,958
41,16,816
65,10,267
32,11,551
11,12,464
34,13,707
85,11,408
214,12,601
87,21,990
85,17,886
138,14,585
1,10,513
9,19,762
272,6,276
7,16,746
53,11,525
19,7,264
195,7,310
230,16,638
2,8,391
29,11,559
127,12,579
140,13,635
0,18,901
141,15,606
5,15,670
111,14,583
215,8,359
17,10,493
10,14,668
68,8,412
14,13,699
93,17,737
180,13,675
87,13,557
312,9,520
352,13,472
76,9,464
224,10,396
8,16,645
282,15,633
148,14,634
195,12,520
160,15,760
47,8,395
336,22,940
43,15,640
90,13,587
48,11,445
29,14,546
94,20,807
63,13,676
106,9,302
14,13,463
35,9,403
274,20,868
0,19,798
81,9,356
96,17,756
162,9,488
193,10,400
0,13,575
52,19,833
9,12,639
9,15,712
239,11,448
201,15,627
186,13,504
81,12,408
210,13,493
203,12,595
10,13,661
119,14,527
2,15,609
277,16,816
330,9,453
82,16,611
11,14,629
51,15,693
226,12,502
80,16,610
88,13,535
248,14,552
9,15,815
94,13,613
73,14,602
169,9,277
73,10,409
89,16,749
39,7,347
97,13,582
261,14,543
84,13,624
257,12,383
16,13,533
